sample_accession,experiment_accession,read_count,fastq_ftp,sample_name,filename,description,dna_extracted,fermented,fermentation_day
SAMEA7032161,ERX4259876,417589,ftp.sra.ebi.ac.uk/vol1/fastq/ERR431/003/ERR4311233/ERR4311233.fastq.gz,11442.G72479,G72479_5x_rerun_10ul_BA8_01_19654.mzXML,dark chocolate w/ almond butter,TRUE,yes,none
SAMEA7032165,ERX4259880,23264,ftp.sra.ebi.ac.uk/vol1/fastq/ERR431/007/ERR4311237/ERR4311237.fastq.gz,11442.G73471,73471_1x_rerun_BA4_01_21391.mzXML,apple cider vinegar,TRUE,yes,none
SAMEA7032175,ERX4259890,1018490,ftp.sra.ebi.ac.uk/vol1/fastq/ERR431/007/ERR4311247/ERR4311247.fastq.gz,11442.G73503,73503_1x_BE5_01_20753.mzXML,blueberry kefir,TRUE,yes,none
SAMEA7032178,ERX4259893,198097,ftp.sra.ebi.ac.uk/vol1/fastq/ERR431/000/ERR4311250/ERR4311250.fastq.gz,11442.G73510,73510_1x_BE4_01_20752.mzXML,9 soy sauce,TRUE,yes,none
SAMEA7032181,ERX4259896,373630,ftp.sra.ebi.ac.uk/vol1/fastq/ERR431/003/ERR4311253/ERR4311253.fastq.gz,11442.G73515,73515_1x_rerun_BA5_01_21392.mzXML,love kombucha,TRUE,yes,none
SAMEA7032187,ERX4259902,743496,ftp.sra.ebi.ac.uk/vol1/fastq/ERR431/009/ERR4311259/ERR4311259.fastq.gz,11442.G73638,G73638_5x_10ul_BH9_01_19760.mzXML,"cheese, CMI workshop",TRUE,yes,none
SAMEA7032197,ERX4259912,1316444,ftp.sra.ebi.ac.uk/vol1/fastq/ERR431/009/ERR4311269/ERR4311269.fastq.gz,11442.G74059,74059_1x_BG2_01_20767.mzXML,silly dilly kraut brine,TRUE,yes,none
SAMEA7032198,ERX4259913,1037673,ftp.sra.ebi.ac.uk/vol1/fastq/ERR431/000/ERR4311270/ERR4311270.fastq.gz,11442.G74060,74060_1x_BH7_01_20781.mzXML,Maeil dairy drink,TRUE,yes,none
SAMEA7032204,ERX4259919,367636,ftp.sra.ebi.ac.uk/vol1/fastq/ERR431/006/ERR4311276/ERR4311276.fastq.gz,11442.G74092,74092_1x_12ul_rerun_BB2_01_21453.mzXML,Passion fruit kombucha,TRUE,yes,none
SAMEA7032215,ERX4259930,7977,ftp.sra.ebi.ac.uk/vol1/fastq/ERR431/007/ERR4311287/ERR4311287.fastq.gz,11442.G75219,75219_1x_20ul_BD8_01_21381.mzXML,Whiskey,TRUE,yes,none
SAMEA7032217,ERX4259932,102828,ftp.sra.ebi.ac.uk/vol1/fastq/ERR431/009/ERR4311289/ERR4311289.fastq.gz,11442.G75221,75221_1x_BC6_01_20738.mzXML,margarita mix with tequila (12% alc/vol),TRUE,yes,none
SAMEA7032226,ERX4259941,7520,ftp.sra.ebi.ac.uk/vol1/fastq/ERR431/008/ERR4311298/ERR4311298.fastq.gz,11442.G75261,75261_1x_rerun_BB6_01_21458.mzXML,H.L.V. ale,TRUE,yes,none
SAMEA7032228,ERX4259943,5563,ftp.sra.ebi.ac.uk/vol1/fastq/ERR431/000/ERR4311300/ERR4311300.fastq.gz,11442.G75263,75263_1x_BD6_01_20746.mzXML,Newtons Folly cider,TRUE,yes,none
SAMEA7032232,ERX4259947,888021,ftp.sra.ebi.ac.uk/vol1/fastq/ERR431/004/ERR4311304/ERR4311304.fastq.gz,11442.G75651,G75651_5x_10ul_BF8_01_19737.mzXML,havarti cheese,TRUE,yes,none
SAMEA7032249,ERX4259964,811781,ftp.sra.ebi.ac.uk/vol1/fastq/ERR431/001/ERR4311321/ERR4311321.fastq.gz,11442.G75750,75750_1x_4ul_rerun_BA3_01_21390.mzXML,soy sauce/tamari sauce,TRUE,yes,none
SAMEA7032276,ERX4259991,777266,ftp.sra.ebi.ac.uk/vol1/fastq/ERR431/008/ERR4311348/ERR4311348.fastq.gz,11442.G75818,G75818_5x_4ul_BG2_01_19742.mzXML,roasted mate guarana chai,TRUE,yes,none
SAMEA7032277,ERX4259992,1011468,ftp.sra.ebi.ac.uk/vol1/fastq/ERR431/009/ERR4311349/ERR4311349.fastq.gz,11442.G75819,G75819_5x_2ul_BC3_01_19671.mzXML,milk Oolong,TRUE,yes,none
SAMEA7032278,ERX4259993,763053,ftp.sra.ebi.ac.uk/vol1/fastq/ERR431/000/ERR4311350/ERR4311350.fastq.gz,11442.G75820,G75820_5x_4ul_BD2_01_19707.mzXML,Orchid Oolong,TRUE,yes,none
SAMEA7032281,ERX4259996,48218,ftp.sra.ebi.ac.uk/vol1/fastq/ERR431/003/ERR4311353/ERR4311353.fastq.gz,11442.G75823,G75823_5x_4ul_BH3_01_19754.mzXML,English Breakfast,TRUE,yes,none
SAMEA7032282,ERX4259997,352931,ftp.sra.ebi.ac.uk/vol1/fastq/ERR431/004/ERR4311354/ERR4311354.fastq.gz,11442.G75824,G75824_5x_4ul_BE3_01_19720.mzXML,lychee black,TRUE,yes,none
SAMEA7032284,ERX4259999,284777,ftp.sra.ebi.ac.uk/vol1/fastq/ERR431/006/ERR4311356/ERR4311356.fastq.gz,11442.G75826,G75826_5x_BA3_01_19609.mzXML,Strawberry Sencha,TRUE,yes,none
SAMEA7032291,ERX4260006,722026,ftp.sra.ebi.ac.uk/vol1/fastq/ERR431/003/ERR4311363/ERR4311363.fastq.gz,11442.G75833,G75833_5x_BA5_01_19611.mzXML,bao zhong oolong,TRUE,yes,none
SAMEA7032300,ERX4260015,531974,ftp.sra.ebi.ac.uk/vol1/fastq/ERR431/002/ERR4311372/ERR4311372.fastq.gz,11442.G75849,G75849_5x_4ul_BF4_01_19733.mzXML,Silver Needles,TRUE,yes,none
SAMEA7032305,ERX4260020,542320,ftp.sra.ebi.ac.uk/vol1/fastq/ERR431/007/ERR4311377/ERR4311377.fastq.gz,11442.G75854,G75854_5x_2ul_BC7_01_19677.mzXML,Gunpowder,TRUE,yes,none
SAMEA7032310,ERX4260025,5897,ftp.sra.ebi.ac.uk/vol1/fastq/ERR431/002/ERR4311382/ERR4311382.fastq.gz,11442.G75859,G75859_1x_rerun_RE7_01_26482.mzXML,"Black Tea, Nestea [leaves from Nilgiri]",TRUE,yes,none
SAMEA7032336,ERX4260051,17846,ftp.sra.ebi.ac.uk/vol1/fastq/ERR431/008/ERR4311408/ERR4311408.fastq.gz,11442.G79207,G79207_5x_10ul_BH8_01_19759.mzXML,Jalapeno jack cheese,TRUE,yes,none
SAMEA7032342,ERX4260057,239550,ftp.sra.ebi.ac.uk/vol1/fastq/ERR431/004/ERR4311414/ERR4311414.fastq.gz,11442.G79249,G79249_1x_rerun_RB6_01_23320.mzXML,steak crostini whole,TRUE,yes,none
SAMEA7032389,ERX4260104,901653,ftp.sra.ebi.ac.uk/vol1/fastq/ERR431/001/ERR4311461/ERR4311461.fastq.gz,11442.G79486,G79486_5x_BD12_01_19634.mzXML,havarti cheese trader joes sliced; plastic packaging,TRUE,yes,none
SAMEA7032394,ERX4260109,330665,ftp.sra.ebi.ac.uk/vol1/fastq/ERR431/006/ERR4311466/ERR4311466.fastq.gz,11442.G79683,G79683_5x_BF11_01_19700.mzXML,"milk chocolate, sugar free",TRUE,yes,none
SAMEA7032397,ERX4260112,714671,ftp.sra.ebi.ac.uk/vol1/fastq/ERR431/009/ERR4311469/ERR4311469.fastq.gz,11442.G79686,G79686_5x_BA10_01_19616.mzXML,chocolate (45%),TRUE,yes,none
SAMEA7032401,ERX4260116,850849,ftp.sra.ebi.ac.uk/vol1/fastq/ERR431/003/ERR4311473/ERR4311473.fastq.gz,11442.G79701,G79701_5x_10ul_BE10_01_19697.mzXML,"kite hill artisan almond milk yogurt, blueberry",TRUE,yes,none
SAMEA7032402,ERX4260117,822988,ftp.sra.ebi.ac.uk/vol1/fastq/ERR431/004/ERR4311474/ERR4311474.fastq.gz,11442.G79702,G79702_5x_BD10_01_19632.mzXML,greek whole milk yogurt; avocado citrus,TRUE,yes,none
SAMEA7032403,ERX4260118,452168,ftp.sra.ebi.ac.uk/vol1/fastq/ERR431/005/ERR4311475/ERR4311475.fastq.gz,11442.G79703,G79703_5x_10ul_rerun_BG9_01_19767.mzXML,"yogurt, plain, fat free",TRUE,yes,none
SAMEA7032406,ERX4260121,281018,ftp.sra.ebi.ac.uk/vol1/fastq/ERR431/008/ERR4311478/ERR4311478.fastq.gz,11442.G79716,G79716_5x_BC4_01_19695.mzXML,apricot decaf black,TRUE,yes,none
SAMEA7032407,ERX4260122,625923,ftp.sra.ebi.ac.uk/vol1/fastq/ERR431/009/ERR4311479/ERR4311479.fastq.gz,11442.G79717,G79717_5x_4ul_BF5_01_19734.mzXML,silver tip jasmine,TRUE,yes,none
SAMEA7032409,ERX4260124,586037,ftp.sra.ebi.ac.uk/vol1/fastq/ERR431/001/ERR4311481/ERR4311481.fastq.gz,11442.G79719,G79719_5x_2ul_BB6_01_19652.mzXML,White Peony,TRUE,yes,none
SAMEA7032417,ERX4260132,593364,ftp.sra.ebi.ac.uk/vol1/fastq/ERR431/009/ERR4311489/ERR4311489.fastq.gz,11442.G79733,G79733_5x_4ul_BE5_01_19722.mzXML,yunnan hong cha,TRUE,yes,none
SAMEA7032420,ERX4260134,103828,ftp.sra.ebi.ac.uk/vol1/fastq/ERR431/001/ERR4311491/ERR4311491.fastq.gz,11442.G79738,G79738_5x_4ul_BE2_01_19719.mzXML,Early grey,TRUE,yes,none
SAMEA7032421,ERX4260135,513241,ftp.sra.ebi.ac.uk/vol1/fastq/ERR431/002/ERR4311492/ERR4311492.fastq.gz,11442.G79739,G79739_5x_rerun_2ul_BB2_01_19647.mzXML,market spice,TRUE,yes,none
SAMEA7032422,ERX4260136,542239,ftp.sra.ebi.ac.uk/vol1/fastq/ERR431/003/ERR4311493/ERR4311493.fastq.gz,11442.G79740,G79740_5x_4ul_BH2_01_19753.mzXML,jade earl green,TRUE,yes,none
SAMEA7032437,ERX4260151,242457,ftp.sra.ebi.ac.uk/vol1/fastq/ERR431/008/ERR4311508/ERR4311508.fastq.gz,11442.G83325,G83325_1x_RC4_01_21754.mzXML,Heath (Milk Chocolate English Toffee Bar),TRUE,yes,none
SAMEA7032452,ERX4260166,453861,ftp.sra.ebi.ac.uk/vol1/fastq/ERR431/003/ERR4311523/ERR4311523.fastq.gz,11442.G83340,G83340_1x_RD3_01_21766.mzXML,M&M peanut,TRUE,yes,none
SAMEA7032488,ERX4260202,594626,ftp.sra.ebi.ac.uk/vol1/fastq/ERR431/009/ERR4311559/ERR4311559.fastq.gz,11442.G83405,G83405_1x_RG7_01_21846.mzXML,M&M peanut butter (brown),TRUE,yes,none
SAMEA7032496,ERX4260210,625139,ftp.sra.ebi.ac.uk/vol1/fastq/ERR431/007/ERR4311567/ERR4311567.fastq.gz,11442.G83413,G83413_1x_RD8_01_21808.mzXML,"snickers (chocolate, nut, carmel)",TRUE,yes,none
SAMEA7032507,ERX4260221,147267,ftp.sra.ebi.ac.uk/vol1/fastq/ERR431/008/ERR4311578/ERR4311578.fastq.gz,11442.G83432,G83432_1x_RG6_01_26458.mzXML,Cali Creamer beer,TRUE,yes,none
SAMEA7032519,ERX4260233,585591,ftp.sra.ebi.ac.uk/vol1/fastq/ERR431/000/ERR4311590/ERR4311590.fastq.gz,11442.G83450,G83450_1x_RF9_01_21836.mzXML,Twix mini white part and chocolate,TRUE,yes,none
SAMEA7032521,ERX4260235,636598,ftp.sra.ebi.ac.uk/vol1/fastq/ERR431/002/ERR4311592/ERR4311592.fastq.gz,11442.G83452,G83452_1x_RD9_01_21809.mzXML,Whoppers,TRUE,yes,none
SAMEA7032523,ERX4260237,553153,ftp.sra.ebi.ac.uk/vol1/fastq/ERR431/004/ERR4311594/ERR4311594.fastq.gz,11442.G83454,G83454_1x_RC10_01_21761.mzXML,3 Musketeers Fun Size (interior and exterior),TRUE,yes,none
SAMEA7032540,ERX4260254,430240,ftp.sra.ebi.ac.uk/vol1/fastq/ERR431/001/ERR4311611/ERR4311611.fastq.gz,11442.G86708,G86708_1x_RB10_01_21747.mzXML,Snickers (harvest),TRUE,yes,none
SAMEA7032543,ERX4260257,400632,ftp.sra.ebi.ac.uk/vol1/fastq/ERR431/004/ERR4311614/ERR4311614.fastq.gz,11442.G86711,G86711_1x_RG10_01_21849.mzXML,Ritter Sport,TRUE,yes,none
SAMEA7032544,ERX4260258,303717,ftp.sra.ebi.ac.uk/vol1/fastq/ERR431/005/ERR4311615/ERR4311615.fastq.gz,11442.G86712,G86712_1x_RA11_01_21729.mzXML,Baby Ruth (Chocolate and Carmel),TRUE,yes,none
SAMEA7032545,ERX4260259,30546,ftp.sra.ebi.ac.uk/vol1/fastq/ERR431/006/ERR4311616/ERR4311616.fastq.gz,11442.G86713,G86713_1x_RC11_01_21762.mzXML,Baby Ruth (Nut and Carmel),TRUE,yes,none
SAMEA7032547,ERX4260261,535206,ftp.sra.ebi.ac.uk/vol1/fastq/ERR431/008/ERR4311618/ERR4311618.fastq.gz,11442.G86715,G86715_1x_RE11_01_21826.mzXML,Milky Way,TRUE,yes,none
SAMEA7032548,ERX4260262,497257,ftp.sra.ebi.ac.uk/vol1/fastq/ERR431/009/ERR4311619/ERR4311619.fastq.gz,11442.G86716,G86716_1x_RH11_01_21868.mzXML,Almond Joy (Chocolate and Nut),TRUE,yes,none
SAMEA7032560,ERX4260274,450204,ftp.sra.ebi.ac.uk/vol1/fastq/ERR431/001/ERR4311631/ERR4311631.fastq.gz,11442.G86728,G86728_10x_10ul_RG8_01_23220.mzXML,hot chocolate packet,TRUE,yes,none
SAMEA7032564,ERX4260278,531558,ftp.sra.ebi.ac.uk/vol1/fastq/ERR431/005/ERR4311635/ERR4311635.fastq.gz,11442.G86732,G86732_1x_BD5_01_23169.mzXML,"artichoke pizza, sample includes all parts",TRUE,yes,none
SAMEA7032569,ERX4260283,387415,ftp.sra.ebi.ac.uk/vol1/fastq/ERR431/000/ERR4311640/ERR4311640.fastq.gz,11442.G86737,G86737_1x_BC2_01_23148.mzXML,peanut butter cup from nut mix,TRUE,yes,none
SAMEA7032572,ERX4260286,439634,ftp.sra.ebi.ac.uk/vol1/fastq/ERR431/003/ERR4311643/ERR4311643.fastq.gz,11442.G86740,G86740_1x_BG7_01_23219.mzXML,ChocoHigos; chocolate covered dried figs (Whole foods),TRUE,yes,none
SAMEA7032576,ERX4260290,188399,ftp.sra.ebi.ac.uk/vol1/fastq/ERR431/007/ERR4311647/ERR4311647.fastq.gz,11442.G86753,G86753_1x_BB7_01_23140.mzXML,multi-grain bread,TRUE,yes,none
SAMEA7032603,ERX4260317,250915,ftp.sra.ebi.ac.uk/vol1/fastq/ERR431/004/ERR4311674/ERR4311674.fastq.gz,11442.G86782,G86782_10x_RG2_01_23213.mzXML,"toasted coconut dark chocolate (70% cocoa), purchased from whole foods la jolla, expiration date 1.19.2018",TRUE,yes,none
SAMEA7032644,ERX4260358,457925,ftp.sra.ebi.ac.uk/vol1/fastq/ERR431/005/ERR4311715/ERR4311715.fastq.gz,11442.G86825,G86825_1x_BA6_01_23120.mzXML,Japanese Style Panko Breadcrumbs,TRUE,yes,none
SAMEA7032649,ERX4260363,251452,ftp.sra.ebi.ac.uk/vol1/fastq/ERR431/000/ERR4311720/ERR4311720.fastq.gz,11442.G86830,G86830_1x_BG4_01_23215.mzXML,Nesquik,TRUE,yes,none
SAMEA7032659,ERX4260373,257289,ftp.sra.ebi.ac.uk/vol1/fastq/ERR431/000/ERR4311730/ERR4311730.fastq.gz,11442.G86840,G86840_1x_BH9_01_23237.mzXML,Philadelphia cream cheese (1/3 less fat) spread,TRUE,yes,none
SAMEA7032696,ERX4260410,386256,ftp.sra.ebi.ac.uk/vol1/fastq/ERR431/007/ERR4311767/ERR4311767.fastq.gz,11442.G86902,G86902_1x_BB3_01_23135.mzXML,Chocolate Chip Bagel (Monday Meeting),TRUE,yes,none
SAMEA7032706,ERX4260420,775080,ftp.sra.ebi.ac.uk/vol1/fastq/ERR431/007/ERR4311777/ERR4311777.fastq.gz,11442.G86912,G86912_1x_rerun_RB12_01_26293.mzXML,Truth Bar (Raspberry),TRUE,yes,none
SAMEA7032728,ERX4260442,6844,ftp.sra.ebi.ac.uk/vol1/fastq/ERR431/009/ERR4311799/ERR4311799.fastq.gz,11442.G86938,G86938_1x_RG10_01_26463.mzXML,ethiopia Guju light coffee; from CMI workshop; sampled warm/hot on 2018-01-17 15:30,TRUE,yes,none
SAMEA7032768,ERX4260482,711479,ftp.sra.ebi.ac.uk/vol1/fastq/ERR431/009/ERR4311839/ERR4311839.fastq.gz,11442.G86986,G86986_1x_rerun_RF4_01_26526.mzXML,chocolate almond-pressed juice,TRUE,yes,none
SAMEA7032795,ERX4260509,6030,ftp.sra.ebi.ac.uk/vol1/fastq/ERR431/006/ERR4311866/ERR4311866.fastq.gz,11442.G87499,G87499_1x_RG4_01_26456.mzXML,Old vine zinfandel,TRUE,yes,none
SAMEA7032814,ERX4260528,832143,ftp.sra.ebi.ac.uk/vol1/fastq/ERR431/005/ERR4311885/ERR4311885.fastq.gz,11442.G87518,G87518_1x_RF8_01_26447.mzXML,Swafford mystery beer 1,TRUE,yes,none
SAMEA7032816,ERX4260530,917973,ftp.sra.ebi.ac.uk/vol1/fastq/ERR431/007/ERR4311887/ERR4311887.fastq.gz,11442.G87520,G87520_1x_rerun_RD8_01_26490.mzXML,Unspoiled pumpkin ale 9-24 (post ferment? on jar label),TRUE,yes,none
SAMEA7032817,ERX4260531,13586,ftp.sra.ebi.ac.uk/vol1/fastq/ERR431/008/ERR4311888/ERR4311888.fastq.gz,11442.G87521,G87521_1x_rerun_RC8_01_26505.mzXML,spoiled pumpkin ale 2017-09-24; post ferment,TRUE,yes,none
SAMEA7032865,ERX4260579,139093,ftp.sra.ebi.ac.uk/vol1/fastq/ERR431/006/ERR4311936/ERR4311936.fastq.gz,11442.G90211,G90211_1x_rerun_RD12_01_26494.mzXML,Triton Blend Medium; Club med; Fair trade certified; organic,TRUE,yes,none
SAMEA7033803,ERX4261596,282334,ftp.sra.ebi.ac.uk/vol1/fastq/ERR431/005/ERR4313025/ERR4313025.fastq.gz,11442.G72642,G72642_5x_BA6_01_18261.mzXML,Flagship reserve,TRUE,yes,none
SAMEA7033804,ERX4261597,436324,ftp.sra.ebi.ac.uk/vol1/fastq/ERR431/006/ERR4313026/ERR4313026.fastq.gz,11442.G72643,G72643_5x_BE4_01_18315.mzXML,stilton colston basset,TRUE,yes,none
SAMEA7033807,ERX4261600,551070,ftp.sra.ebi.ac.uk/vol1/fastq/ERR431/009/ERR4313029/ERR4313029.fastq.gz,11442.G72646,G72646_5x_BE8_01_18319.mzXML,taleggio,TRUE,yes,none
SAMEA7033808,ERX4261601,456878,ftp.sra.ebi.ac.uk/vol1/fastq/ERR431/000/ERR4313030/ERR4313030.fastq.gz,11442.G72647,G72647_5x_BC9_01_18292.mzXML,stinking bishop,TRUE,yes,none
SAMEA7033809,ERX4261602,435368,ftp.sra.ebi.ac.uk/vol1/fastq/ERR431/001/ERR4313031/ERR4313031.fastq.gz,11442.G72648,G72648_5x_BH7_01_18405.mzXML,stinking bishop,TRUE,yes,none
SAMEA7033810,ERX4261603,266758,ftp.sra.ebi.ac.uk/vol1/fastq/ERR431/002/ERR4313032/ERR4313032.fastq.gz,11442.G72649,G72649_5x_BB2_01_18271.mzXML,honey bee goat gouda,TRUE,yes,none
SAMEA7033811,ERX4261604,420060,ftp.sra.ebi.ac.uk/vol1/fastq/ERR431/003/ERR4313033/ERR4313033.fastq.gz,11442.G72650,G72650_5x_BC3_01_18286.mzXML,lambchopper,TRUE,yes,none
SAMEA7033812,ERX4261605,439881,ftp.sra.ebi.ac.uk/vol1/fastq/ERR431/004/ERR4313034/ERR4313034.fastq.gz,11442.G72651,G72651_5x_BC5_01_18288.mzXML,le petit basque,TRUE,yes,none
SAMEA7033827,ERX4261620,423550,ftp.sra.ebi.ac.uk/vol1/fastq/ERR431/009/ERR4313049/ERR4313049.fastq.gz,11442.G72668,G72668_5x_BH6_01_18404.mzXML,Kraft Reduced fat Parmesan cheese,TRUE,yes,none
SAMEA7033845,ERX4261638,383183,ftp.sra.ebi.ac.uk/vol1/fastq/ERR431/007/ERR4313067/ERR4313067.fastq.gz,11442.G72728,G72728_5x_BA9_01_18264.mzXML,not collected,TRUE,yes,none
SAMEA7033869,ERX4261662,717615,ftp.sra.ebi.ac.uk/vol1/fastq/ERR431/001/ERR4313091/ERR4313091.fastq.gz,11442.G72793,G72793_5x_BA7_01_18262.mzXML,Sonoma Jack Traditional Jack Cheese,TRUE,yes,none
SAMEA7033873,ERX4261666,629248,ftp.sra.ebi.ac.uk/vol1/fastq/ERR431/005/ERR4313095/ERR4313095.fastq.gz,11442.G72797,G72797_BG2_01_19034.mzXML,home brew beer biscuit,TRUE,yes,none
SAMEA7033885,ERX4261678,583387,ftp.sra.ebi.ac.uk/vol1/fastq/ERR431/007/ERR4313107/ERR4313107.fastq.gz,11442.G72822,G72822_1x_10ul_RC1_01_18604.mzXML,"Lorimar 2015 Vineyard Blend (42% Grenache Blanc, 33% Viognier,25% Roussanne)-13.7% ABV",TRUE,yes,red
SAMEA7033887,ERX4261680,5950,ftp.sra.ebi.ac.uk/vol1/fastq/ERR431/009/ERR4313109/ERR4313109.fastq.gz,11442.G72824,G72824_1x_RE1_01_18552.mzXML,"home brewed beer 2, likely orange creamsicale",TRUE,yes,none
SAMEA7033923,ERX4261715,812025,ftp.sra.ebi.ac.uk/vol1/fastq/ERR431/004/ERR4313144/ERR4313144.fastq.gz,11442.G73484,G73484_1x_RF7_01_18572.mzXML,Kombucha; Health Ade brand,TRUE,yes,pink/red color
SAMEA7033930,ERX4261722,910097,ftp.sra.ebi.ac.uk/vol1/fastq/ERR431/001/ERR4313151/ERR4313151.fastq.gz,11442.G73523,G73523_1x_RD7_01_18544.mzXML,ginger kombucha - origonic tonic,TRUE,yes,none
SAMEA7033940,ERX4261732,365834,ftp.sra.ebi.ac.uk/vol1/fastq/ERR431/001/ERR4313161/ERR4313161.fastq.gz,11442.G73651,G73651_5x_BE6_01_18317.mzXML,Cahil Porter,TRUE,yes,none
SAMEA7033941,ERX4261733,170868,ftp.sra.ebi.ac.uk/vol1/fastq/ERR431/002/ERR4313162/ERR4313162.fastq.gz,11442.G73652,G73652_5x_BB7_01_18276.mzXML,Red Dragon,TRUE,yes,none
SAMEA7033942,ERX4261734,432450,ftp.sra.ebi.ac.uk/vol1/fastq/ERR431/003/ERR4313163/ERR4313163.fastq.gz,11442.G73653,G73653_5x_BG8_01_18392.mzXML,cheddar cheese,TRUE,yes,none
SAMEA7033943,ERX4261735,483723,ftp.sra.ebi.ac.uk/vol1/fastq/ERR431/004/ERR4313164/ERR4313164.fastq.gz,11442.G73654,G73654_5x_BD8_01_18305.mzXML,cheddar cheese,TRUE,yes,none
SAMEA7033945,ERX4261737,367267,ftp.sra.ebi.ac.uk/vol1/fastq/ERR431/006/ERR4313166/ERR4313166.fastq.gz,11442.G73656,G73656_5x_BA5_01_18260.mzXML,pecorinotoscano,TRUE,yes,none
SAMEA7033949,ERX4261741,384607,ftp.sra.ebi.ac.uk/vol1/fastq/ERR431/000/ERR4313170/ERR4313170.fastq.gz,11442.G73660,G73660_5x_BB8_01_18277.mzXML,fiore sardo,TRUE,yes,none
SAMEA7033952,ERX4261744,278086,ftp.sra.ebi.ac.uk/vol1/fastq/ERR431/003/ERR4313173/ERR4313173.fastq.gz,11442.G73663,G73663_5x_BD9_01_18306.mzXML,garrotxa,TRUE,yes,none
SAMEA7033954,ERX4261746,358205,ftp.sra.ebi.ac.uk/vol1/fastq/ERR431/005/ERR4313175/ERR4313175.fastq.gz,11442.G73665,G73665_5x_BA11_01_18266.mzXML,manchego,TRUE,yes,none
SAMEA7033955,ERX4261747,483813,ftp.sra.ebi.ac.uk/vol1/fastq/ERR431/006/ERR4313176/ERR4313176.fastq.gz,11442.G73666,G73666_5x_BD4_01_18301.mzXML,manchego al ramero,TRUE,yes,none
SAMEA7033956,ERX4261748,381741,ftp.sra.ebi.ac.uk/vol1/fastq/ERR431/007/ERR4313177/ERR4313177.fastq.gz,11442.G73667,G73667_5x_BG9_01_18393.mzXML,Drunken Goat,TRUE,yes,none
SAMEA7033957,ERX4261749,519979,ftp.sra.ebi.ac.uk/vol1/fastq/ERR431/008/ERR4313178/ERR4313178.fastq.gz,11442.G73668,G73668_5x_BF5_01_18330.mzXML,ossau-iraty,TRUE,yes,none
SAMEA7033958,ERX4261750,10729,ftp.sra.ebi.ac.uk/vol1/fastq/ERR431/009/ERR4313179/ERR4313179.fastq.gz,11442.G73669,G73669_5x_BH2_01_18400.mzXML,ossau-iraty,TRUE,yes,none
SAMEA7033964,ERX4261756,289739,ftp.sra.ebi.ac.uk/vol1/fastq/ERR431/005/ERR4313185/ERR4313185.fastq.gz,11442.G73675,G73675_5x_BE7_01_18318.mzXML,epoisse,TRUE,yes,none
SAMEA7033969,ERX4261761,501352,ftp.sra.ebi.ac.uk/vol1/fastq/ERR431/000/ERR4313190/ERR4313190.fastq.gz,11442.G73680,G73680_5x_BD3_01_18300.mzXML,monte enebro,TRUE,yes,none
SAMEA7033974,ERX4261766,578910,ftp.sra.ebi.ac.uk/vol1/fastq/ERR431/005/ERR4313195/ERR4313195.fastq.gz,11442.G73686,G73686_5x_BF3_01_18328.mzXML,chabichou du poitou,TRUE,yes,none
SAMEA7033976,ERX4261768,361502,ftp.sra.ebi.ac.uk/vol1/fastq/ERR431/007/ERR4313197/ERR4313197.fastq.gz,11442.G73688,G73688_5x_BG2_01_18386.mzXML,vacherin fribourgeois,TRUE,yes,none
SAMEA7033977,ERX4261769,543503,ftp.sra.ebi.ac.uk/vol1/fastq/ERR431/008/ERR4313198/ERR4313198.fastq.gz,11442.G73689,G73689_5x_BC4_01_18287.mzXML,"alp blossom, flower-covered rind",TRUE,yes,none
SAMEA7033978,ERX4261770,725225,ftp.sra.ebi.ac.uk/vol1/fastq/ERR431/009/ERR4313199/ERR4313199.fastq.gz,11442.G73690,G73690_5x_BG7_01_18391.mzXML,red witch,TRUE,yes,none
SAMEA7034030,ERX4261822,13414,ftp.sra.ebi.ac.uk/vol1/fastq/ERR431/001/ERR4313251/ERR4313251.fastq.gz,11442.G73985,G73985_1x_10ul_RC5_01_18610.mzXML,alpirsbacher beer (5.2% alc/vol),TRUE,yes,none
SAMEA7034049,ERX4261841,494684,ftp.sra.ebi.ac.uk/vol1/fastq/ERR431/000/ERR4313270/ERR4313270.fastq.gz,11442.G74022,G74022_5x_BG11_01_18395.mzXML,"cheese, brie",TRUE,yes,none
SAMEA7034058,ERX4261850,287606,ftp.sra.ebi.ac.uk/vol1/fastq/ERR431/009/ERR4313279/ERR4313279.fastq.gz,11442.G74032,G74032_5x_BF12_01_18337.mzXML,"spreading cheese, herb flavored",TRUE,yes,none
SAMEA7034059,ERX4261851,631980,ftp.sra.ebi.ac.uk/vol1/fastq/ERR431/000/ERR4313280/ERR4313280.fastq.gz,11442.G74033,G74033_1x_RH4_01_18596.mzXML,humm kombucha coconut lime,TRUE,yes,none
SAMEA7034060,ERX4261852,928576,ftp.sra.ebi.ac.uk/vol1/fastq/ERR431/001/ERR4313281/ERR4313281.fastq.gz,11442.G74034,G74034_1x_10ul_RA5_01_18503.mzXML,GT Kombucha Original flavor,TRUE,yes,none
SAMEA7034063,ERX4261855,7048,ftp.sra.ebi.ac.uk/vol1/fastq/ERR431/004/ERR4313284/ERR4313284.fastq.gz,11442.G74042,G74042_1x_10ul_RC3_01_18608.mzXML,Pabst Blue Ribbon,TRUE,yes,none
SAMEA7034079,ERX4261871,14680,ftp.sra.ebi.ac.uk/vol1/fastq/ERR431/000/ERR4313300/ERR4313300.fastq.gz,11442.G74078,G74078_1x_RH6_01_18598.mzXML,tequila,TRUE,yes,none
SAMEA7034099,ERX4261891,374714,ftp.sra.ebi.ac.uk/vol1/fastq/ERR431/000/ERR4313320/ERR4313320.fastq.gz,11442.G75087,G75087_5x_BF2_01_18327.mzXML,cheddar cheese,TRUE,yes,none
SAMEA7034172,ERX4261964,24029,ftp.sra.ebi.ac.uk/vol1/fastq/ERR431/003/ERR4313393/ERR4313393.fastq.gz,11442.G75245,G75245_1x_RA10_01_18499.mzXML,wine 4 coach insignia; cabernet sauvignon,TRUE,yes,red
SAMEA7034174,ERX4261966,661706,ftp.sra.ebi.ac.uk/vol1/fastq/ERR431/005/ERR4313395/ERR4313395.fastq.gz,11442.G75252,G75252_1x_RH9_01_18601.mzXML,"Kinsella estates wine 3 a from bottle; b from glass, undrunk; cabernet sauvignon 2012",TRUE,yes,red
SAMEA7034203,ERX4261995,456151,ftp.sra.ebi.ac.uk/vol1/fastq/ERR431/004/ERR4313424/ERR4313424.fastq.gz,11442.G75623,G75623_BF3_01_19019.mzXML,chocolate icing,TRUE,yes,none
SAMEA7034209,ERX4262001,461650,ftp.sra.ebi.ac.uk/vol1/fastq/ERR431/000/ERR4313430/ERR4313430.fastq.gz,11442.G75630,G75630_BD11_01_18999.mzXML,pita chip,TRUE,yes,none
SAMEA7034210,ERX4262002,494113,ftp.sra.ebi.ac.uk/vol1/fastq/ERR431/001/ERR4313431/ERR4313431.fastq.gz,11442.G75631,G75631_BB4_01_18926.mzXML,Kaes Spaetzle (Austrian Mac and Cheese),TRUE,yes,none
SAMEA7034214,ERX4262006,633821,ftp.sra.ebi.ac.uk/vol1/fastq/ERR431/005/ERR4313435/ERR4313435.fastq.gz,11442.G75667,G75667_BB2_01_18924.mzXML,granola bar with chocolate,TRUE,yes,none
SAMEA7034247,ERX4262039,856953,ftp.sra.ebi.ac.uk/vol1/fastq/ERR431/008/ERR4313468/ERR4313468.fastq.gz,11442.G75722,G75722_1x_10ul_RC6_01_18529.mzXML,jun,TRUE,yes,none
SAMEA7034254,ERX4262046,768093,ftp.sra.ebi.ac.uk/vol1/fastq/ERR431/005/ERR4313475/ERR4313475.fastq.gz,11442.G75743,G75743_1x_RE3_01_18554.mzXML,cucumber mint kombucha (Julia homemade),TRUE,yes,none
SAMEA7034260,ERX4262052,801013,ftp.sra.ebi.ac.uk/vol1/fastq/ERR431/001/ERR4313481/ERR4313481.fastq.gz,11442.G75769,G75769_1x_10_RA9_01_18507.mzXML,blueberry kombucha (homemade),TRUE,yes,none
SAMEA7034261,ERX4262053,1108219,ftp.sra.ebi.ac.uk/vol1/fastq/ERR431/002/ERR4313482/ERR4313482.fastq.gz,11442.G75770,G75770_1x_RE10_01_18561.mzXML,mature kombucha (3rd Round),TRUE,yes,none
SAMEA7034262,ERX4262054,424459,ftp.sra.ebi.ac.uk/vol1/fastq/ERR431/003/ERR4313483/ERR4313483.fastq.gz,11442.G75771,G75771_1x_RD10_01_18547.mzXML,mature kombucha (from scoby #2 round 1),TRUE,yes,none
SAMEA7034283,ERX4262075,191869,ftp.sra.ebi.ac.uk/vol1/fastq/ERR431/004/ERR4313504/ERR4313504.fastq.gz,11442.G78826,G78826_5x_BC2_01_18285.mzXML,grilled cheese- cheese only,TRUE,yes,none
SAMEA7032160,ERX4259875,692940,ftp.sra.ebi.ac.uk/vol1/fastq/ERR431/002/ERR4311232/ERR4311232.fastq.gz,11442.G72474,G72474_5x_10ul_BB8_01_19656.mzXML,dark chocolate w/ hazelnuts,TRUE,yes,none
SAMEA7032168,ERX4259883,796976,ftp.sra.ebi.ac.uk/vol1/fastq/ERR431/000/ERR4311240/ERR4311240.fastq.gz,11442.G73492,73492_1x_BF3_01_21384.mzXML,"kombucha, homemade 2ndary fruit ferment, red fruit",TRUE,yes,none
SAMEA7032173,ERX4259888,5741,ftp.sra.ebi.ac.uk/vol1/fastq/ERR431/005/ERR4311245/ERR4311245.fastq.gz,11442.G73497,73497_1x_BH3_01_20777.mzXML,"tea black, green, sugar",TRUE,yes,none
SAMEA7032176,ERX4259891,1257138,ftp.sra.ebi.ac.uk/vol1/fastq/ERR431/008/ERR4311248/ERR4311248.fastq.gz,11442.G73504,73504_1x_BD5_01_20745.mzXML,mango kefir,TRUE,yes,none
SAMEA7032177,ERX4259892,862433,ftp.sra.ebi.ac.uk/vol1/fastq/ERR431/009/ERR4311249/ERR4311249.fastq.gz,11442.G73507,73507_1x_BG4_01_20769.mzXML,bai antioxidant cocofusion,TRUE,yes,none
SAMEA7032182,ERX4259897,669880,ftp.sra.ebi.ac.uk/vol1/fastq/ERR431/004/ERR4311254/ERR4311254.fastq.gz,11442.G73516,73516_1x_BC5_01_20737.mzXML,clear mind kombucha,TRUE,yes,none
SAMEA7032191,ERX4259906,536776,ftp.sra.ebi.ac.uk/vol1/fastq/ERR431/003/ERR4311263/ERR4311263.fastq.gz,11442.G73964,G73964_1x_BF7_01_23203.mzXML,burrata mozzarella,TRUE,yes,none
SAMEA7032196,ERX4259911,1113045,ftp.sra.ebi.ac.uk/vol1/fastq/ERR431/008/ERR4311268/ERR4311268.fastq.gz,11442.G74058,74058_1x_BF2_01_21383.mzXML,california kimchi brine,TRUE,yes,none
SAMEA7032202,ERX4259917,5192,ftp.sra.ebi.ac.uk/vol1/fastq/ERR431/004/ERR4311274/ERR4311274.fastq.gz,11442.G74090,74090_1x_rerun_BA7_01_21395.mzXML,"Copper Moon Kenyan coffee, pour-over",TRUE,yes,none
SAMEA7032203,ERX4259918,16322,ftp.sra.ebi.ac.uk/vol1/fastq/ERR431/005/ERR4311275/ERR4311275.fastq.gz,11442.G74091,74091_1x_BG7_01_20773.mzXML,"Brazilian coffee, pour-over",TRUE,yes,none
SAMEA7032206,ERX4259921,19256,ftp.sra.ebi.ac.uk/vol1/fastq/ERR431/008/ERR4311278/ERR4311278.fastq.gz,11442.G74119,74119_1x_12ul_rerun_BB3_01_21454.mzXML,green tea with sugar,TRUE,yes,none
SAMEA7032207,ERX4259922,737202,ftp.sra.ebi.ac.uk/vol1/fastq/ERR431/009/ERR4311279/ERR4311279.fastq.gz,11442.G74125,74125_1x_12ul_rerun_BA2_01_21387.mzXML,fig kombucha,TRUE,yes,none
SAMEA7032216,ERX4259931,24168,ftp.sra.ebi.ac.uk/vol1/fastq/ERR431/008/ERR4311288/ERR4311288.fastq.gz,11442.G75220,75220_1x_BF8_01_20765.mzXML,Humm brand kombucha pomegranate lemonade flavor,TRUE,yes,none
SAMEA7032222,ERX4259937,457319,ftp.sra.ebi.ac.uk/vol1/fastq/ERR431/004/ERR4311294/ERR4311294.fastq.gz,11442.G75236,75236_1x_BD4_01_20744.mzXML,10 Anchovy fish sauce,TRUE,yes,none
SAMEA7032223,ERX4259938,143243,ftp.sra.ebi.ac.uk/vol1/fastq/ERR431/005/ERR4311295/ERR4311295.fastq.gz,11442.G75238,75238_1x_BH4_01_20778.mzXML,bai sparkling antioxidant infusion - peru pineapple,TRUE,yes,none
SAMEA7032246,ERX4259961,6880,ftp.sra.ebi.ac.uk/vol1/fastq/ERR431/008/ERR4311318/ERR4311318.fastq.gz,11442.G75733,75733_1x_BH2_01_20776.mzXML,pure leaf lemon tea,TRUE,yes,none
SAMEA7032274,ERX4259989,615212,ftp.sra.ebi.ac.uk/vol1/fastq/ERR431/006/ERR4311346/ERR4311346.fastq.gz,11442.G75816,G75816_5x_2ul_BC2_01_19693.mzXML,yerba mate,TRUE,yes,none
SAMEA7032275,ERX4259990,102185,ftp.sra.ebi.ac.uk/vol1/fastq/ERR431/007/ERR4311347/ERR4311347.fastq.gz,11442.G75817,G75817_5x_4ul_rerun_BF2_01_19761.mzXML,roasted mate,TRUE,yes,none
SAMEA7032279,ERX4259994,550779,ftp.sra.ebi.ac.uk/vol1/fastq/ERR431/001/ERR4311351/ERR4311351.fastq.gz,11442.G75821,G75821_5x_4ul_BD3_01_19708.mzXML,Golden Needle,TRUE,yes,none
SAMEA7032285,ERX4260000,1026163,ftp.sra.ebi.ac.uk/vol1/fastq/ERR431/007/ERR4311357/ERR4311357.fastq.gz,11442.G75827,G75827_5x_4ul_BH4_01_19755.mzXML,relief tonics,TRUE,yes,none
SAMEA7032290,ERX4260005,972685,ftp.sra.ebi.ac.uk/vol1/fastq/ERR431/002/ERR4311362/ERR4311362.fastq.gz,11442.G75832,G75832_5x_4ul_BD5_01_19711.mzXML,bamboo mountain,TRUE,yes,none
SAMEA7032292,ERX4260007,876605,ftp.sra.ebi.ac.uk/vol1/fastq/ERR431/004/ERR4311364/ERR4311364.fastq.gz,11442.G75834,G75834_5x_4ul_BE4_01_19721.mzXML,1st flush darjeeling,TRUE,yes,none
SAMEA7032301,ERX4260016,7337,ftp.sra.ebi.ac.uk/vol1/fastq/ERR431/003/ERR4311373/ERR4311373.fastq.gz,11442.G75850,G75850_5x_4ul_BF6_01_19735.mzXML,Hojicha,TRUE,yes,none
SAMEA7032303,ERX4260018,65953,ftp.sra.ebi.ac.uk/vol1/fastq/ERR431/005/ERR4311375/ERR4311375.fastq.gz,11442.G75852,G75852_5x_4ul_BE7_01_19724.mzXML,soaring crane,TRUE,yes,none
SAMEA7032306,ERX4260021,606470,ftp.sra.ebi.ac.uk/vol1/fastq/ERR431/008/ERR4311378/ERR4311378.fastq.gz,11442.G75855,G75855_5x_BA7_01_19613.mzXML,High Mountain Nilgiri,TRUE,yes,none
SAMEA7032307,ERX4260022,459862,ftp.sra.ebi.ac.uk/vol1/fastq/ERR431/009/ERR4311379/ERR4311379.fastq.gz,11442.G75856,G75856_5x_4ul_BD7_01_19713.mzXML,Lapu Mountain Souchong,TRUE,yes,none
SAMEA7032312,ERX4260027,5366,ftp.sra.ebi.ac.uk/vol1/fastq/ERR431/004/ERR4311384/ERR4311384.fastq.gz,11442.G75862,G75862_1x_RH6_01_26472.mzXML,"Coffee, iced, unsweetened, Starbucks",TRUE,yes,none
SAMEA7032321,ERX4260036,597175,ftp.sra.ebi.ac.uk/vol1/fastq/ERR431/003/ERR4311393/ERR4311393.fastq.gz,11442.G78958,G78958_p19_g5_GD6_01_21672.mzXML,Party platter pack Pepper Salame,TRUE,yes,none
SAMEA7032327,ERX4260042,420740,ftp.sra.ebi.ac.uk/vol1/fastq/ERR431/009/ERR4311399/ERR4311399.fastq.gz,11442.G78984,G78984_5x_10ul_BC8_01_19678.mzXML,Dutch Traditional Gouda Cheese,TRUE,yes,none
SAMEA7032341,ERX4260056,544402,ftp.sra.ebi.ac.uk/vol1/fastq/ERR431/003/ERR4311413/ERR4311413.fastq.gz,11442.G79243,G79243_5x_10ul_rerun_BG8_01_19766.mzXML,cheese ball,TRUE,yes,none
SAMEA7032396,ERX4260111,387850,ftp.sra.ebi.ac.uk/vol1/fastq/ERR431/008/ERR4311468/ERR4311468.fastq.gz,11442.G79685,G79685_5x_BH10_01_19703.mzXML,"dark chocolate, sugar free",TRUE,yes,none
SAMEA7032400,ERX4260115,563061,ftp.sra.ebi.ac.uk/vol1/fastq/ERR431/002/ERR4311472/ERR4311472.fastq.gz,11442.G79700,G79700_5x_BG11_01_19667.mzXML,So Delicious dairy free; coconut milk; yogurt alternative,TRUE,yes,none
SAMEA7032414,ERX4260129,5829,ftp.sra.ebi.ac.uk/vol1/fastq/ERR431/006/ERR4311486/ERR4311486.fastq.gz,11442.G79724,G79724_5x_4ul_BD6_01_19712.mzXML,Wuyi Mountain,TRUE,yes,none
SAMEA7032434,ERX4260148,433866,ftp.sra.ebi.ac.uk/vol1/fastq/ERR431/005/ERR4311505/ERR4311505.fastq.gz,11442.G83253,G83253_1x_RH9_01_21864.mzXML,"Twix mini (possibly, chocolate carmel tube)",TRUE,yes,none
SAMEA7032438,ERX4260152,236618,ftp.sra.ebi.ac.uk/vol1/fastq/ERR431/009/ERR4311509/ERR4311509.fastq.gz,11442.G83326,G83326_1x_RF4_01_21830.mzXML,York (dark chocolate covered peppermint Pattie),TRUE,yes,none
SAMEA7032439,ERX4260153,522502,ftp.sra.ebi.ac.uk/vol1/fastq/ERR431/000/ERR4311510/ERR4311510.fastq.gz,11442.G83327,G83327_1x_RD4_01_21767.mzXML,Kit Kat,TRUE,yes,none
SAMEA7032451,ERX4260165,464132,ftp.sra.ebi.ac.uk/vol1/fastq/ERR431/002/ERR4311522/ERR4311522.fastq.gz,11442.G83339,G83339_1x_RG2_01_21723.mzXML,M&M peanut,TRUE,yes,none
SAMEA7032456,ERX4260170,1194770,ftp.sra.ebi.ac.uk/vol1/fastq/ERR431/007/ERR4311527/ERR4311527.fastq.gz,11442.G83344,G83344_1x_BB9_01_21546.mzXML,Mango yogurt drink,TRUE,yes,none
SAMEA7032485,ERX4260199,630020,ftp.sra.ebi.ac.uk/vol1/fastq/ERR431/006/ERR4311556/ERR4311556.fastq.gz,11442.G83393,G83393_1x_RD7_01_21807.mzXML,M&M peanut butter (Blue),TRUE,yes,none
SAMEA7032486,ERX4260200,163808,ftp.sra.ebi.ac.uk/vol1/fastq/ERR431/007/ERR4311557/ERR4311557.fastq.gz,11442.G83403,G83403_1x_RA7_01_21731.mzXML,M&M peanut butter (Yellow),TRUE,yes,none
SAMEA7032487,ERX4260201,681013,ftp.sra.ebi.ac.uk/vol1/fastq/ERR431/008/ERR4311558/ERR4311558.fastq.gz,11442.G83404,G83404_1x_RH7_01_21858.mzXML,M&M peanut butter (red),TRUE,yes,none
SAMEA7032495,ERX4260209,419166,ftp.sra.ebi.ac.uk/vol1/fastq/ERR431/006/ERR4311566/ERR4311566.fastq.gz,11442.G83412,G83412_1x_RG8_01_21847.mzXML,Snickers (chocolate & white fluff),TRUE,yes,none
SAMEA7032504,ERX4260218,807682,ftp.sra.ebi.ac.uk/vol1/fastq/ERR431/005/ERR4311575/ERR4311575.fastq.gz,11442.G83423,G83423_1x_rerun_RH12_01_26532.mzXML,yakult probiotic drink,TRUE,yes,none
SAMEA7032531,ERX4260245,490697,ftp.sra.ebi.ac.uk/vol1/fastq/ERR431/002/ERR4311602/ERR4311602.fastq.gz,11442.G83462,G83462_10x_BF11_01_23207.mzXML,paneer,TRUE,yes,none
SAMEA7032533,ERX4260247,569287,ftp.sra.ebi.ac.uk/vol1/fastq/ERR431/004/ERR4311604/ERR4311604.fastq.gz,11442.G86701,G86701_1x_RC6_01_21756.mzXML,Reese's Peanut Butter (Chocolate Part),TRUE,yes,none
SAMEA7032534,ERX4260248,177447,ftp.sra.ebi.ac.uk/vol1/fastq/ERR431/005/ERR4311605/ERR4311605.fastq.gz,11442.G86702,G86702_1x_RA6_01_21730.mzXML,Reese's Peanut Butter (Peanut Butter part),TRUE,yes,none
SAMEA7032538,ERX4260252,557963,ftp.sra.ebi.ac.uk/vol1/fastq/ERR431/009/ERR4311609/ERR4311609.fastq.gz,11442.G86706,G86706_1x_RA10_01_21728.mzXML,Snickers almond,TRUE,yes,none
SAMEA7032549,ERX4260263,508333,ftp.sra.ebi.ac.uk/vol1/fastq/ERR431/000/ERR4311620/ERR4311620.fastq.gz,11442.G86717,G86717_1x_RF11_01_21838.mzXML,Almond Joy (Chocolate and Coconut),TRUE,yes,none
SAMEA7032554,ERX4260268,387541,ftp.sra.ebi.ac.uk/vol1/fastq/ERR431/005/ERR4311625/ERR4311625.fastq.gz,11442.G86722,G86722_1x_BF10_01_23206.mzXML,Dreaming cow yogurt,TRUE,yes,none
SAMEA7032571,ERX4260285,310674,ftp.sra.ebi.ac.uk/vol1/fastq/ERR431/002/ERR4311642/ERR4311642.fastq.gz,11442.G86739,G86739_10x_RG6_01_23217.mzXML,candied orange with chocolate (Whole foods),TRUE,yes,none
SAMEA7032575,ERX4260289,496324,ftp.sra.ebi.ac.uk/vol1/fastq/ERR431/006/ERR4311646/ERR4311646.fastq.gz,11442.G86752,G86752_10x_RF5_01_23200.mzXML,starfruit green tea leaves,TRUE,yes,none
SAMEA7032577,ERX4260291,556462,ftp.sra.ebi.ac.uk/vol1/fastq/ERR431/008/ERR4311648/ERR4311648.fastq.gz,11442.G86754,G86754_10x_RF4_01_23199.mzXML,jasmine green tea satchet,TRUE,yes,none
SAMEA7032583,ERX4260297,555382,ftp.sra.ebi.ac.uk/vol1/fastq/ERR431/004/ERR4311654/ERR4311654.fastq.gz,11442.G86760,G86760_10x_RH5_01_23233.mzXML,cocoa powder,TRUE,yes,none
SAMEA7032584,ERX4260298,417341,ftp.sra.ebi.ac.uk/vol1/fastq/ERR431/005/ERR4311655/ERR4311655.fastq.gz,11442.G86761,G86761_1x_BC7_01_23154.mzXML,oreo cookie outside,TRUE,yes,none
SAMEA7032610,ERX4260324,7678,ftp.sra.ebi.ac.uk/vol1/fastq/ERR431/001/ERR4311681/ERR4311681.fastq.gz,11442.G86789,G86789_1x_BA3_01_23117.mzXML,"boston sourdough loaf, white part of bread, from whole foods la jolla",TRUE,yes,none
SAMEA7032626,ERX4260340,536432,ftp.sra.ebi.ac.uk/vol1/fastq/ERR431/007/ERR4311697/ERR4311697.fastq.gz,11442.G86807,G86807_1x_BF8_01_23204.mzXML,parmesan cheese,TRUE,yes,none
SAMEA7032658,ERX4260372,386999,ftp.sra.ebi.ac.uk/vol1/fastq/ERR431/009/ERR4311729/ERR4311729.fastq.gz,11442.G86839,G86839_1x_BH6_01_23232.mzXML,Philadelphia cream cheese spread,TRUE,yes,none
SAMEA7032661,ERX4260375,108667,ftp.sra.ebi.ac.uk/vol1/fastq/ERR431/002/ERR4311732/ERR4311732.fastq.gz,11442.G86855,G86855_1x_RA12_01_23488.mzXML,vinegar,TRUE,yes,none
SAMEA7032664,ERX4260378,31452,ftp.sra.ebi.ac.uk/vol1/fastq/ERR431/005/ERR4311735/ERR4311735.fastq.gz,11442.G86866,G86866_1x_RB10_01_23501.mzXML,Kimlan soy sauce,TRUE,yes,none
SAMEA7032668,ERX4260382,499687,ftp.sra.ebi.ac.uk/vol1/fastq/ERR431/009/ERR4311739/ERR4311739.fastq.gz,11442.G86872,G86872_1x_BE10_01_23191.mzXML,homemade yogurt made with organic straus whole milk,TRUE,yes,none
SAMEA7032689,ERX4260403,429851,ftp.sra.ebi.ac.uk/vol1/fastq/ERR431/000/ERR4311760/ERR4311760.fastq.gz,11442.G86895,G86895_1x_BA12_01_23127.mzXML,Mini Butter Croissants,TRUE,yes,none
SAMEA7032695,ERX4260409,219817,ftp.sra.ebi.ac.uk/vol1/fastq/ERR431/006/ERR4311766/ERR4311766.fastq.gz,11442.G86901,G86901_1x_BB2_01_23133.mzXML,cinnamon Raisin Bagel (Monday Meeting),TRUE,yes,none
SAMEA7032707,ERX4260421,672950,ftp.sra.ebi.ac.uk/vol1/fastq/ERR431/008/ERR4311778/ERR4311778.fastq.gz,11442.G86913,G86913_1x_RH12_01_26352.mzXML,Truth Bar (Raspberry),TRUE,yes,none
SAMEA7032717,ERX4260431,399109,ftp.sra.ebi.ac.uk/vol1/fastq/ERR431/008/ERR4311788/ERR4311788.fastq.gz,11442.G86927,G86927_1x_BE5_01_23185.mzXML,plain double whipped shmear; einstein Bros Bagels; from Knight lab group meeting,TRUE,yes,none
SAMEA7032732,ERX4260446,155638,ftp.sra.ebi.ac.uk/vol1/fastq/ERR431/003/ERR4311803/ERR4311803.fastq.gz,11442.G86942,G86942_1x_BB10_01_26389.mzXML,spicy chai; rebbl brand; purchased at whole foods la jolla; organic,TRUE,yes,none
SAMEA7032733,ERX4260447,346303,ftp.sra.ebi.ac.uk/vol1/fastq/ERR431/004/ERR4311804/ERR4311804.fastq.gz,11442.G86943,G86943_1x_RF10_01_26449.mzXML,love flavor; brew dr. kombucha; townhends tea co.,TRUE,yes,none
SAMEA7032740,ERX4260454,904423,ftp.sra.ebi.ac.uk/vol1/fastq/ERR431/001/ERR4311811/ERR4311811.fastq.gz,11442.G86950,G86950_1x_RF9_01_26448.mzXML,vanilla oak BDK brand kombucha (sampled 1/23 frozen 1/25 8:30AM),TRUE,yes,none
SAMEA7032752,ERX4260466,6716,ftp.sra.ebi.ac.uk/vol1/fastq/ERR431/003/ERR4311823/ERR4311823.fastq.gz,11442.G86970,G86970_1x_rerun_RF5_01_26528.mzXML,tequila Corazon de Agave,TRUE,yes,none
SAMEA7032755,ERX4260469,873399,ftp.sra.ebi.ac.uk/vol1/fastq/ERR431/006/ERR4311826/ERR4311826.fastq.gz,11442.G86973,G86973_1x_RH4_01_26470.mzXML,chocolate almond-pressed juice,TRUE,yes,none
SAMEA7032761,ERX4260475,1147521,ftp.sra.ebi.ac.uk/vol1/fastq/ERR431/002/ERR4311832/ERR4311832.fastq.gz,11442.G86979,G86979_1x_BB3_01_26381.mzXML,chocolate almond pressed juicery,TRUE,yes,none
SAMEA7032799,ERX4260513,448758,ftp.sra.ebi.ac.uk/vol1/fastq/ERR431/000/ERR4311870/ERR4311870.fastq.gz,11442.G87503,G87503_1x_BB2_01_26380.mzXML,Red Trolley Ale; Karl Strauss,TRUE,yes,none
SAMEA7032802,ERX4260516,10962,ftp.sra.ebi.ac.uk/vol1/fastq/ERR431/003/ERR4311873/ERR4311873.fastq.gz,11442.G87506,G87506_1x_rerun_RE2_01_26499.mzXML,Doubleshot Coffee & Protein; Starbucks,TRUE,yes,none
SAMEA7032803,ERX4260517,731788,ftp.sra.ebi.ac.uk/vol1/fastq/ERR431/004/ERR4311874/ERR4311874.fastq.gz,11442.G87507,G87507_1x_rerun_RF2_01_26524.mzXML,"Java Monster, loca moca",TRUE,yes,none
SAMEA7032811,ERX4260525,338504,ftp.sra.ebi.ac.uk/vol1/fastq/ERR431/002/ERR4311882/ERR4311882.fastq.gz,11442.G87515,G87515_1x_BB8_01_26387.mzXML,octoberfest home brewed beer AS sample,TRUE,yes,none
SAMEA7032813,ERX4260527,560434,ftp.sra.ebi.ac.uk/vol1/fastq/ERR431/004/ERR4311884/ERR4311884.fastq.gz,11442.G87517,G87517_1x_rerun_RE8_01_26483.mzXML,BDK Love kombucha,TRUE,yes,none
SAMEA7032815,ERX4260529,1024508,ftp.sra.ebi.ac.uk/vol1/fastq/ERR431/006/ERR4311886/ERR4311886.fastq.gz,11442.G87519,G87519_1x_RG8_01_26461.mzXML,Swafford mystery beer 2,TRUE,yes,none
SAMEA7032834,ERX4260548,33433,ftp.sra.ebi.ac.uk/vol1/fastq/ERR431/005/ERR4311905/ERR4311905.fastq.gz,11442.G87543,G87543_1x_BB5_01_26557.mzXML,Hostess Golden Cupcake (chocolate frosting with a little cake),TRUE,yes,none
SAMEA7032864,ERX4260578,805823,ftp.sra.ebi.ac.uk/vol1/fastq/ERR431/005/ERR4311935/ERR4311935.fastq.gz,11442.G90210,G90210_1x_BA12_01_26376.mzXML,3 in 1 coffee from thailand (instant coffee),TRUE,yes,none
SAMEA7032867,ERX4260581,110337,ftp.sra.ebi.ac.uk/vol1/fastq/ERR431/008/ERR4311938/ERR4311938.fastq.gz,11442.G90213,G90213_1x_BB12_01_26391.mzXML,Decaf Cafee del corazon; Club Med; Fair trade certified; organic,TRUE,yes,none
SAMEA7033775,ERX4261568,496156,ftp.sra.ebi.ac.uk/vol1/fastq/ERR431/007/ERR4312997/ERR4312997.fastq.gz,11442.G72473,G72473_5x_BA12_01_18267.mzXML,dubliner cheese,TRUE,yes,none
SAMEA7033806,ERX4261599,404224,ftp.sra.ebi.ac.uk/vol1/fastq/ERR431/008/ERR4313028/ERR4313028.fastq.gz,11442.G72645,G72645_5x_BD10_01_18307.mzXML,taleggio,TRUE,yes,none
SAMEA7033813,ERX4261606,330868,ftp.sra.ebi.ac.uk/vol1/fastq/ERR431/005/ERR4313035/ERR4313035.fastq.gz,11442.G72652,G72652_5x_BG4_01_18388.mzXML,tomme brulee,TRUE,yes,none
SAMEA7033814,ERX4261607,428938,ftp.sra.ebi.ac.uk/vol1/fastq/ERR431/006/ERR4313036/ERR4313036.fastq.gz,11442.G72653,G72653_5x_BC8_01_18291.mzXML,Flagship reserve,TRUE,yes,none
SAMEA7033815,ERX4261608,671503,ftp.sra.ebi.ac.uk/vol1/fastq/ERR431/007/ERR4313037/ERR4313037.fastq.gz,11442.G72654,G72654_5x_BF11_01_18336.mzXML,choco 21,TRUE,yes,none
SAMEA7033816,ERX4261609,276360,ftp.sra.ebi.ac.uk/vol1/fastq/ERR431/008/ERR4313038/ERR4313038.fastq.gz,11442.G72655,G72655_5x_BG5_01_18389.mzXML,shropshire,TRUE,yes,none
SAMEA7033817,ERX4261610,437045,ftp.sra.ebi.ac.uk/vol1/fastq/ERR431/009/ERR4313039/ERR4313039.fastq.gz,11442.G72656,G72656_5x_BE3_01_18314.mzXML,erborinato san carione,TRUE,yes,none
SAMEA7033833,ERX4261626,480428,ftp.sra.ebi.ac.uk/vol1/fastq/ERR431/005/ERR4313055/ERR4313055.fastq.gz,11442.G72676,G72676_BB5_01_18927.mzXML,Scrambled Egg with Chorizo,TRUE,yes,none
SAMEA7033849,ERX4261642,581191,ftp.sra.ebi.ac.uk/vol1/fastq/ERR431/001/ERR4313071/ERR4313071.fastq.gz,11442.G72757,G72757_BA10_01_18918.mzXML,goat cheese with tomato dish,TRUE,yes,none
SAMEA7033870,ERX4261663,321729,ftp.sra.ebi.ac.uk/vol1/fastq/ERR431/002/ERR4313092/ERR4313092.fastq.gz,11442.G72794,G72794_5x_BB4_01_18273.mzXML,Sonoma Jack Cheddar Cheese,TRUE,yes,none
SAMEA7033871,ERX4261664,450404,ftp.sra.ebi.ac.uk/vol1/fastq/ERR431/003/ERR4313093/ERR4313093.fastq.gz,11442.G72795,G72795_5x_BF10_01_18335.mzXML,Sonoma Jack Garlic Jack Cheese,TRUE,yes,none
SAMEA7033883,ERX4261676,9345,ftp.sra.ebi.ac.uk/vol1/fastq/ERR431/005/ERR4313105/ERR4313105.fastq.gz,11442.G72820,G72820_1x_RA1_01_18497.mzXML,"Lorimar 2014 80% Sangiovese, 15% Merlot, 5 % Cabernet Sauvignon-15.3% ABV",TRUE,yes,red
SAMEA7033890,ERX4261683,20551,ftp.sra.ebi.ac.uk/vol1/fastq/ERR431/002/ERR4313112/ERR4313112.fastq.gz,11442.G72829,G72829_1x_RH1_01_18593.mzXML,Spiced Jaegermeister 35.5% ABV,TRUE,yes,none
SAMEA7033919,ERX4261711,308057,ftp.sra.ebi.ac.uk/vol1/fastq/ERR431/000/ERR4313140/ERR4313140.fastq.gz,11442.G73463,G73463_5x_BH11_01_18409.mzXML,Jalapenosalsa cream cheese,TRUE,yes,none
SAMEA7033921,ERX4261713,264319,ftp.sra.ebi.ac.uk/vol1/fastq/ERR431/002/ERR4313142/ERR4313142.fastq.gz,11442.G73465,G73465_5x_BD12_01_18309.mzXML,Honey almond cream cheese,TRUE,yes,none
SAMEA7033922,ERX4261714,264445,ftp.sra.ebi.ac.uk/vol1/fastq/ERR431/003/ERR4313143/ERR4313143.fastq.gz,11442.G73469,G73469_5x_BE9_01_18320.mzXML,blue cheese,TRUE,yes,none
SAMEA7033924,ERX4261716,579716,ftp.sra.ebi.ac.uk/vol1/fastq/ERR431/005/ERR4313145/ERR4313145.fastq.gz,11442.G73485,G73485_1x_RD9_01_18546.mzXML,"kombucha, homemade",TRUE,yes,none
SAMEA7033946,ERX4261738,407632,ftp.sra.ebi.ac.uk/vol1/fastq/ERR431/007/ERR4313167/ERR4313167.fastq.gz,11442.G73657,G73657_5x_BF4_01_18329.mzXML,abbaye de belloc,TRUE,yes,none
SAMEA7033948,ERX4261740,446264,ftp.sra.ebi.ac.uk/vol1/fastq/ERR431/009/ERR4313169/ERR4313169.fastq.gz,11442.G73659,G73659_5x_BC7_01_18290.mzXML,ewephoria,TRUE,yes,none
SAMEA7033950,ERX4261742,448222,ftp.sra.ebi.ac.uk/vol1/fastq/ERR431/001/ERR4313171/ERR4313171.fastq.gz,11442.G73661,G73661_5x_BF9_01_18334.mzXML,sarro di bufala,TRUE,yes,none
SAMEA7033953,ERX4261745,392121,ftp.sra.ebi.ac.uk/vol1/fastq/ERR431/004/ERR4313174/ERR4313174.fastq.gz,11442.G73664,G73664_5x_BG10_01_18394.mzXML,garrotxa,TRUE,yes,none
SAMEA7033960,ERX4261752,335053,ftp.sra.ebi.ac.uk/vol1/fastq/ERR431/001/ERR4313181/ERR4313181.fastq.gz,11442.G73671,G73671_5x_BB5_01_18274.mzXML,harbison,TRUE,yes,none
SAMEA7033961,ERX4261753,577837,ftp.sra.ebi.ac.uk/vol1/fastq/ERR431/002/ERR4313182/ERR4313182.fastq.gz,11442.G73672,G73672_5x_BH8_01_18406.mzXML,harbison,TRUE,yes,none
SAMEA7033962,ERX4261754,265962,ftp.sra.ebi.ac.uk/vol1/fastq/ERR431/003/ERR4313183/ERR4313183.fastq.gz,11442.G73673,G73673_5x_BC10_01_18293.mzXML,ovelha amanteigado,TRUE,yes,none
SAMEA7033970,ERX4261762,775275,ftp.sra.ebi.ac.uk/vol1/fastq/ERR431/001/ERR4313191/ERR4313191.fastq.gz,11442.G73681,G73681_5x_BG3_01_18387.mzXML,chabichou du poitou,TRUE,yes,none
SAMEA7033972,ERX4261764,403338,ftp.sra.ebi.ac.uk/vol1/fastq/ERR431/003/ERR4313193/ERR4313193.fastq.gz,11442.G73684,G73684_5x_BD7_01_18304.mzXML,monte enebro,TRUE,yes,none
SAMEA7033975,ERX4261767,420863,ftp.sra.ebi.ac.uk/vol1/fastq/ERR431/006/ERR4313196/ERR4313196.fastq.gz,11442.G73687,G73687_5x_BB6_01_18275.mzXML,lagrein,TRUE,yes,none
SAMEA7033979,ERX4261771,374967,ftp.sra.ebi.ac.uk/vol1/fastq/ERR431/000/ERR4313200/ERR4313200.fastq.gz,11442.G73694,G73694_5x_BB3_01_18272.mzXML,burrata mozzarela,TRUE,yes,none
SAMEA7033997,ERX4261789,368308,ftp.sra.ebi.ac.uk/vol1/fastq/ERR431/008/ERR4313218/ERR4313218.fastq.gz,11442.G73728,G73728_5x_BB10_01_18279.mzXML,Roquefort Papillon,TRUE,yes,none
SAMEA7034041,ERX4261833,599326,ftp.sra.ebi.ac.uk/vol1/fastq/ERR431/002/ERR4313262/ERR4313262.fastq.gz,11442.G74007,G74007_5x_BH12_01_18410.mzXML,raclette cheese,TRUE,yes,none
SAMEA7034051,ERX4261843,339716,ftp.sra.ebi.ac.uk/vol1/fastq/ERR431/002/ERR4313272/ERR4313272.fastq.gz,11442.G74024,G74024_5x_BH5_01_18403.mzXML,"cheese, gouda",TRUE,yes,none
SAMEA7034061,ERX4261853,1011438,ftp.sra.ebi.ac.uk/vol1/fastq/ERR431/002/ERR4313282/ERR4313282.fastq.gz,11442.G74036,G74036_1x_RD4_01_18541.mzXML,yogurt drink,TRUE,yes,none
SAMEA7034068,ERX4261860,6373,ftp.sra.ebi.ac.uk/vol1/fastq/ERR431/009/ERR4313289/ERR4313289.fastq.gz,11442.G74047,G74047_1x_10ul_RA4_01_18502.mzXML,Weihenstephaner Hefe Weissbier,TRUE,yes,none
SAMEA7034122,ERX4261914,292485,ftp.sra.ebi.ac.uk/vol1/fastq/ERR431/003/ERR4313343/ERR4313343.fastq.gz,11442.G75161,G75161_5x_BE2_01_18313.mzXML,string cheese,TRUE,yes,none
SAMEA7034248,ERX4262040,921440,ftp.sra.ebi.ac.uk/vol1/fastq/ERR431/009/ERR4313469/ERR4313469.fastq.gz,11442.G75723,G75723_1x_RE5_01_18556.mzXML,kombucha,TRUE,yes,none
SAMEA7034253,ERX4262045,898865,ftp.sra.ebi.ac.uk/vol1/fastq/ERR431/004/ERR4313474/ERR4313474.fastq.gz,11442.G75728,G75728_1x_10ul_RA6_01_18504.mzXML,pickled watermelon juice,TRUE,yes,none
SAMEA7034255,ERX4262047,769764,ftp.sra.ebi.ac.uk/vol1/fastq/ERR431/006/ERR4313476/ERR4313476.fastq.gz,11442.G75760,G75760_1x_RF8_01_18573.mzXML,blueberry kombucha,TRUE,yes,none
SAMEA7034264,ERX4262056,12968,ftp.sra.ebi.ac.uk/vol1/fastq/ERR431/005/ERR4313485/ERR4313485.fastq.gz,11442.G75777,G75777_1x_RG8_01_18585.mzXML,tawny port,TRUE,yes,red
SAMEA7034280,ERX4262072,539875,ftp.sra.ebi.ac.uk/vol1/fastq/ERR431/001/ERR4313501/ERR4313501.fastq.gz,11442.G78819,G78819_rerun_BC12_01_19079.mzXML,Mini M&M,TRUE,yes,orange
SAMEA7034281,ERX4262073,476378,ftp.sra.ebi.ac.uk/vol1/fastq/ERR431/002/ERR4313502/ERR4313502.fastq.gz,11442.G78820,G78820_BD12_01_19000.mzXML,"home made stuffed peppers (cumin, salt, pepper, creamcheese, chedar cheese, mozerella cheese, bacon, jalipino peppers)",TRUE,yes,yellow
SAMEA7034282,ERX4262074,50327,ftp.sra.ebi.ac.uk/vol1/fastq/ERR431/003/ERR4313503/ERR4313503.fastq.gz,11442.G78821,78821_1x_BE6_01_17446.mzXML,Store bought Olives Green,TRUE,yes,yellow/green
SAMEA7034353,ERX4262145,275382,ftp.sra.ebi.ac.uk/vol1/fastq/ERR431/004/ERR4313574/ERR4313574.fastq.gz,11442.G79210,G79210_5x_BC6_01_18289.mzXML,gouda,TRUE,yes,none
SAMEA7032169,ERX4259884,353253,ftp.sra.ebi.ac.uk/vol1/fastq/ERR431/001/ERR4311241/ERR4311241.fastq.gz,11442.G73493,73493_1x_BD3_01_20743.mzXML,"kombucha, homemade",TRUE,yes,none
SAMEA7032170,ERX4259885,616465,ftp.sra.ebi.ac.uk/vol1/fastq/ERR431/002/ERR4311242/ERR4311242.fastq.gz,11442.G73494,73494_1x_rerun_BD2_01_21380.mzXML,"kombucha, homemade",TRUE,yes,none
SAMEA7032171,ERX4259886,630327,ftp.sra.ebi.ac.uk/vol1/fastq/ERR431/003/ERR4311243/ERR4311243.fastq.gz,11442.G73495,73495_1x_BC3_01_20735.mzXML,"kombucha, homemade 2ndary fruit ferment, mango",TRUE,yes,none
SAMEA7032172,ERX4259887,8180,ftp.sra.ebi.ac.uk/vol1/fastq/ERR431/004/ERR4311244/ERR4311244.fastq.gz,11442.G73496,73496_1x_BH8_01_20782.mzXML,fish sauce,TRUE,yes,none
SAMEA7032179,ERX4259894,988033,ftp.sra.ebi.ac.uk/vol1/fastq/ERR431/001/ERR4311251/ERR4311251.fastq.gz,11442.G73511,73511_1x_BG5_01_20771.mzXML,hibiscus apricot probiotic kefir water tea,TRUE,yes,none
SAMEA7032180,ERX4259895,116564,ftp.sra.ebi.ac.uk/vol1/fastq/ERR431/002/ERR4311252/ERR4311252.fastq.gz,11442.G73514,73514_1x_12ul_rerun_BB5_01_21456.mzXML,lemon ginger cayenne kombucha,TRUE,yes,none
SAMEA7032183,ERX4259898,482794,ftp.sra.ebi.ac.uk/vol1/fastq/ERR431/005/ERR4311255/ERR4311255.fastq.gz,11442.G73529,73529_1x_BC8_01_20740.mzXML,Belgian Abbey Yeast,TRUE,yes,none
SAMEA7032184,ERX4259899,374367,ftp.sra.ebi.ac.uk/vol1/fastq/ERR431/006/ERR4311256/ERR4311256.fastq.gz,11442.G73530,73530_1x_BE8_01_20756.mzXML,European Ale Yeast,TRUE,yes,none
SAMEA7032195,ERX4259910,767594,ftp.sra.ebi.ac.uk/vol1/fastq/ERR431/007/ERR4311267/ERR4311267.fastq.gz,11442.G74057,74057_1x_BE2_01_20750.mzXML,beet kvass,TRUE,yes,magenta
SAMEA7032200,ERX4259915,873443,ftp.sra.ebi.ac.uk/vol1/fastq/ERR431/002/ERR4311272/ERR4311272.fastq.gz,11442.G74062,74062_1x_BE7_01_20755.mzXML,Oaked sake,TRUE,yes,none
SAMEA7032205,ERX4259920,600114,ftp.sra.ebi.ac.uk/vol1/fastq/ERR431/007/ERR4311277/ERR4311277.fastq.gz,11442.G74093,74093_1x_BC2_01_20734.mzXML,apple kombucha (?),TRUE,yes,none
SAMEA7032221,ERX4259936,859957,ftp.sra.ebi.ac.uk/vol1/fastq/ERR431/003/ERR4311293/ERR4311293.fastq.gz,11442.G75235,75235_1x_BF4_01_20761.mzXML,mocha nut latte,TRUE,yes,none
SAMEA7032229,ERX4259944,40168,ftp.sra.ebi.ac.uk/vol1/fastq/ERR431/001/ERR4311301/ERR4311301.fastq.gz,11442.G75264,75264_1x_BE6_01_20754.mzXML,IPA,TRUE,yes,none
SAMEA7032247,ERX4259962,419969,ftp.sra.ebi.ac.uk/vol1/fastq/ERR431/009/ERR4311319/ERR4311319.fastq.gz,11442.G75739,75739_1x_rerun_BB8_01_21460.mzXML,cucumber mint kombucha (organic and homegrown mint from Julia's garden),TRUE,yes,none
SAMEA7032248,ERX4259963,362968,ftp.sra.ebi.ac.uk/vol1/fastq/ERR431/000/ERR4311320/ERR4311320.fastq.gz,11442.G75749,75749_1x_BG3_01_20768.mzXML,fish sauce,TRUE,yes,none
SAMEA7032280,ERX4259995,467574,ftp.sra.ebi.ac.uk/vol1/fastq/ERR431/002/ERR4311352/ERR4311352.fastq.gz,11442.G75822,G75822_5x_4ul_BF3_01_19732.mzXML,lapsang souchong,TRUE,yes,none
SAMEA7032283,ERX4259998,844595,ftp.sra.ebi.ac.uk/vol1/fastq/ERR431/005/ERR4311355/ERR4311355.fastq.gz,11442.G75825,G75825_5x_2ul_BB3_01_19648.mzXML,vanilla peach apricot,TRUE,yes,none
SAMEA7032289,ERX4260004,146928,ftp.sra.ebi.ac.uk/vol1/fastq/ERR431/001/ERR4311361/ERR4311361.fastq.gz,11442.G75831,G75831_5x_4ul_BG3_01_19743.mzXML,dragonwell,TRUE,yes,none
SAMEA7032293,ERX4260008,455128,ftp.sra.ebi.ac.uk/vol1/fastq/ERR431/005/ERR4311365/ERR4311365.fastq.gz,11442.G75835,G75835_5x_2ul_BB5_01_19650.mzXML,darjeeling 2nd flush,TRUE,yes,none
SAMEA7032294,ERX4260009,552693,ftp.sra.ebi.ac.uk/vol1/fastq/ERR431/006/ERR4311366/ERR4311366.fastq.gz,11442.G75836,G75836_5x_4ul_BH5_01_19756.mzXML,Assam,TRUE,yes,none
SAMEA7032297,ERX4260012,102707,ftp.sra.ebi.ac.uk/vol1/fastq/ERR431/009/ERR4311369/ERR4311369.fastq.gz,11442.G75846,75846_1x_BE3_01_20751.mzXML,"BDK citrus hops, kombucha",TRUE,yes,none
SAMEA7032298,ERX4260013,56217,ftp.sra.ebi.ac.uk/vol1/fastq/ERR431/000/ERR4311370/ERR4311370.fastq.gz,11442.G75847,G75847_5x_BC5_01_19673.mzXML,mandarin Pu-erh,TRUE,yes,none
SAMEA7032299,ERX4260014,581312,ftp.sra.ebi.ac.uk/vol1/fastq/ERR431/001/ERR4311371/ERR4311371.fastq.gz,11442.G75848,G75848_5x_4ul_BG5_01_19745.mzXML,sun moon lake,TRUE,yes,none
SAMEA7032302,ERX4260017,616238,ftp.sra.ebi.ac.uk/vol1/fastq/ERR431/004/ERR4311374/ERR4311374.fastq.gz,11442.G75851,G75851_5x_4ul_BE6_01_19723.mzXML,japanese sencha,TRUE,yes,none
SAMEA7032304,ERX4260019,624781,ftp.sra.ebi.ac.uk/vol1/fastq/ERR431/006/ERR4311376/ERR4311376.fastq.gz,11442.G75853,G75853_5x_2ul_BB7_01_19653.mzXML,Pear & Pomegranate,TRUE,yes,none
SAMEA7032308,ERX4260023,979432,ftp.sra.ebi.ac.uk/vol1/fastq/ERR431/000/ERR4311380/ERR4311380.fastq.gz,11442.G75857,G75857_5x_4ul_BH7_01_19758.mzXML,English Breakfast,TRUE,yes,none
SAMEA7032309,ERX4260024,12040,ftp.sra.ebi.ac.uk/vol1/fastq/ERR431/001/ERR4311381/ERR4311381.fastq.gz,11442.G75858,G75858_1x_RG7_01_26460.mzXML,"mocha frappaccino, starbucks",TRUE,yes,none
SAMEA7032313,ERX4260028,970343,ftp.sra.ebi.ac.uk/vol1/fastq/ERR431/005/ERR4311385/ERR4311385.fastq.gz,11442.G75863,G75863_1x_RF7_01_26446.mzXML,"chocolate almond milk, Silk",TRUE,yes,none
SAMEA7032320,ERX4260035,553695,ftp.sra.ebi.ac.uk/vol1/fastq/ERR431/002/ERR4311392/ERR4311392.fastq.gz,11442.G78911,G78911_p19_g8_GB7_01_21678.mzXML,Liver sausage/ liver worst,TRUE,yes,none
SAMEA7032322,ERX4260037,493188,ftp.sra.ebi.ac.uk/vol1/fastq/ERR431/004/ERR4311394/ERR4311394.fastq.gz,11442.G78959,G78959_p19_g6_rerun_GE6_01_21713.mzXML,Party platter pack Hot Capocolla,TRUE,yes,none
SAMEA7032323,ERX4260038,635642,ftp.sra.ebi.ac.uk/vol1/fastq/ERR431/005/ERR4311395/ERR4311395.fastq.gz,11442.G78960,G78960_p19_g7_GA7_01_21676.mzXML,Party platter pack Hot Calabrese,TRUE,yes,none
SAMEA7032324,ERX4260039,871669,ftp.sra.ebi.ac.uk/vol1/fastq/ERR431/006/ERR4311396/ERR4311396.fastq.gz,11442.G78977,G78977_5x_10ul_BE8_01_19725.mzXML,Sour Cream,TRUE,yes,none
SAMEA7032392,ERX4260107,165787,ftp.sra.ebi.ac.uk/vol1/fastq/ERR431/004/ERR4311464/ERR4311464.fastq.gz,11442.G79681,G79681_5x_BD11_01_19633.mzXML,chocolate (72%),TRUE,yes,none
SAMEA7032393,ERX4260108,349626,ftp.sra.ebi.ac.uk/vol1/fastq/ERR431/005/ERR4311465/ERR4311465.fastq.gz,11442.G79682,G79682_5x_rerun_BB11_01_19636.mzXML,chocolate (100%),TRUE,yes,none
SAMEA7032395,ERX4260110,361736,ftp.sra.ebi.ac.uk/vol1/fastq/ERR431/007/ERR4311467/ERR4311467.fastq.gz,11442.G79684,G79684_5x_BC11_01_19645.mzXML,dark chocolate with almonds,TRUE,yes,none
SAMEA7032398,ERX4260113,159175,ftp.sra.ebi.ac.uk/vol1/fastq/ERR431/000/ERR4311470/ERR4311470.fastq.gz,11442.G79698,G79698_5x_BA11_01_19623.mzXML,belgium chocolate pudding,TRUE,yes,none
SAMEA7032399,ERX4260114,518287,ftp.sra.ebi.ac.uk/vol1/fastq/ERR431/001/ERR4311471/ERR4311471.fastq.gz,11442.G79699,G79699_5x_BH11_01_19704.mzXML,Stonyfield organic O'soy; soy yogurt,TRUE,yes,none
SAMEA7032405,ERX4260120,660330,ftp.sra.ebi.ac.uk/vol1/fastq/ERR431/007/ERR4311477/ERR4311477.fastq.gz,11442.G79712,G79712_5x_BB10_01_19624.mzXML,string cheese,TRUE,yes,none
SAMEA7032408,ERX4260123,1216064,ftp.sra.ebi.ac.uk/vol1/fastq/ERR431/000/ERR4311480/ERR4311480.fastq.gz,11442.G79718,G79718_5x_4ul_BD4_01_19710.mzXML,dragon pearl jasmine,TRUE,yes,none
SAMEA7032410,ERX4260125,719186,ftp.sra.ebi.ac.uk/vol1/fastq/ERR431/002/ERR4311482/ERR4311482.fastq.gz,11442.G79720,G79720_5x_2ul_BC6_01_19676.mzXML,Rose Peony,TRUE,yes,none
SAMEA7032411,ERX4260126,377728,ftp.sra.ebi.ac.uk/vol1/fastq/ERR431/003/ERR4311483/ERR4311483.fastq.gz,11442.G79721,G79721_5x_4ul_BG6_01_19746.mzXML,Dragon eye dong ding,TRUE,yes,none
SAMEA7032412,ERX4260127,337101,ftp.sra.ebi.ac.uk/vol1/fastq/ERR431/004/ERR4311484/ERR4311484.fastq.gz,11442.G79722,G79722_5x_4ul_BH6_01_19757.mzXML,Iron Goddess of Mercy,TRUE,yes,none
SAMEA7032413,ERX4260128,1026508,ftp.sra.ebi.ac.uk/vol1/fastq/ERR431/005/ERR4311485/ERR4311485.fastq.gz,11442.G79723,G79723_5x_BA6_01_19612.mzXML,Coconut Oolong,TRUE,yes,none
SAMEA7032415,ERX4260130,28944,ftp.sra.ebi.ac.uk/vol1/fastq/ERR431/007/ERR4311487/ERR4311487.fastq.gz,11442.G79725,G79725_5x_BG10_01_19666.mzXML,chocolate,TRUE,yes,none
SAMEA7032416,ERX4260131,439406,ftp.sra.ebi.ac.uk/vol1/fastq/ERR431/008/ERR4311488/ERR4311488.fastq.gz,11442.G79726,G79726_5x_BH12_01_19705.mzXML,dark chocolate truffle,TRUE,yes,none
SAMEA7032419,ERX4260133,545957,ftp.sra.ebi.ac.uk/vol1/fastq/ERR431/000/ERR4311490/ERR4311490.fastq.gz,11442.G79737,G79737_5x_BA2_01_19608.mzXML,immune booster (Immortalizer ),TRUE,yes,none
SAMEA7032425,ERX4260139,5297,ftp.sra.ebi.ac.uk/vol1/fastq/ERR431/006/ERR4311496/ERR4311496.fastq.gz,11442.G83228,G83228_1x_RB4_01_21740.mzXML,Tootsie Roll,TRUE,yes,none
SAMEA7032447,ERX4260161,498614,ftp.sra.ebi.ac.uk/vol1/fastq/ERR431/008/ERR4311518/ERR4311518.fastq.gz,11442.G83335,G83335_1x_RE2_01_21814.mzXML,M&M regular,TRUE,yes,none
SAMEA7032448,ERX4260162,467431,ftp.sra.ebi.ac.uk/vol1/fastq/ERR431/009/ERR4311519/ERR4311519.fastq.gz,11442.G83336,G83336_1x_RB2_01_21732.mzXML,M&M regular,TRUE,yes,none
SAMEA7032449,ERX4260163,480207,ftp.sra.ebi.ac.uk/vol1/fastq/ERR431/000/ERR4311520/ERR4311520.fastq.gz,11442.G83337,G83337_1x_RH2_01_21724.mzXML,M&M regular,TRUE,yes,none
SAMEA7032450,ERX4260164,332014,ftp.sra.ebi.ac.uk/vol1/fastq/ERR431/001/ERR4311521/ERR4311521.fastq.gz,11442.G83338,G83338_1x_RF2_01_21716.mzXML,M&M peanut,TRUE,yes,none
SAMEA7032463,ERX4260177,29796,ftp.sra.ebi.ac.uk/vol1/fastq/ERR431/004/ERR4311534/ERR4311534.fastq.gz,11442.G83351,G83351_1x_BA10_01_21543.mzXML,"Boost Compact Complete Nutrition, Rich cholocate flavor",TRUE,yes,none
SAMEA7032483,ERX4260197,400297,ftp.sra.ebi.ac.uk/vol1/fastq/ERR431/004/ERR4311554/ERR4311554.fastq.gz,11442.G83391,G83391_1x_rerun_RA8_01_21736.mzXML,M&M peanut butter (green),TRUE,yes,none
SAMEA7032484,ERX4260198,412838,ftp.sra.ebi.ac.uk/vol1/fastq/ERR431/005/ERR4311555/ERR4311555.fastq.gz,11442.G83392,G83392_1x_RH8_01_21859.mzXML,M&M peanut butter (orange ),TRUE,yes,none
SAMEA7032501,ERX4260215,1012822,ftp.sra.ebi.ac.uk/vol1/fastq/ERR431/002/ERR4311572/ERR4311572.fastq.gz,11442.G83420,G83420_1x_rerun_RF6_01_26529.mzXML,yakult original flavor from H mart probiotic drink,TRUE,yes,none
SAMEA7032506,ERX4260220,175386,ftp.sra.ebi.ac.uk/vol1/fastq/ERR431/007/ERR4311577/ERR4311577.fastq.gz,11442.G83430,G83430_1x_rerun_RE6_01_26502.mzXML,Stone Ruination Double IPA beer,TRUE,yes,none
SAMEA7032520,ERX4260234,11929,ftp.sra.ebi.ac.uk/vol1/fastq/ERR431/001/ERR4311591/ERR4311591.fastq.gz,11442.G83451,G83451_1x_RC9_01_21760.mzXML,Tootsie Roll (dark brown),TRUE,yes,none
SAMEA7032522,ERX4260236,10152,ftp.sra.ebi.ac.uk/vol1/fastq/ERR431/003/ERR4311593/ERR4311593.fastq.gz,11442.G83453,G83453_1x_RB9_01_21746.mzXML,3 Musketeers Fun Size (interior),TRUE,yes,none
SAMEA7032539,ERX4260253,426037,ftp.sra.ebi.ac.uk/vol1/fastq/ERR431/000/ERR4311610/ERR4311610.fastq.gz,11442.G86707,G86707_1x_RE10_01_21825.mzXML,Snickers almond,TRUE,yes,none
SAMEA7032541,ERX4260255,356196,ftp.sra.ebi.ac.uk/vol1/fastq/ERR431/002/ERR4311612/ERR4311612.fastq.gz,11442.G86709,G86709_1x_rerun_RH10_01_21867.mzXML,Snickers (harvest),TRUE,yes,none
SAMEA7032542,ERX4260256,383683,ftp.sra.ebi.ac.uk/vol1/fastq/ERR431/003/ERR4311613/ERR4311613.fastq.gz,11442.G86710,G86710_1x_RD10_01_21810.mzXML,Ritter Sport,TRUE,yes,none
SAMEA7032546,ERX4260260,417450,ftp.sra.ebi.ac.uk/vol1/fastq/ERR431/007/ERR4311617/ERR4311617.fastq.gz,11442.G86714,G86714_1x_rerun_RD11_01_21817.mzXML,Milky Way,TRUE,yes,none
SAMEA7032563,ERX4260277,564122,ftp.sra.ebi.ac.uk/vol1/fastq/ERR431/004/ERR4311634/ERR4311634.fastq.gz,11442.G86731,G86731_1x_BD6_01_23170.mzXML,cheese pizza,TRUE,yes,none
SAMEA7032566,ERX4260280,304083,ftp.sra.ebi.ac.uk/vol1/fastq/ERR431/007/ERR4311637/ERR4311637.fastq.gz,11442.G86734,G86734_1x_BD7_01_23172.mzXML,garlic knot,TRUE,yes,none
SAMEA7032593,ERX4260307,305919,ftp.sra.ebi.ac.uk/vol1/fastq/ERR431/004/ERR4311664/ERR4311664.fastq.gz,11442.G86772,G86772_10x_RF6_01_23201.mzXML,rose tea leaves,TRUE,yes,none
SAMEA7032601,ERX4260315,213440,ftp.sra.ebi.ac.uk/vol1/fastq/ERR431/002/ERR4311672/ERR4311672.fastq.gz,11442.G86780,G86780_10x_RG5_01_23216.mzXML,kava root from townhend's tea company,TRUE,yes,none
SAMEA7032605,ERX4260319,205187,ftp.sra.ebi.ac.uk/vol1/fastq/ERR431/006/ERR4311676/ERR4311676.fastq.gz,11442.G86784,G86784_10x_RF12_01_23208.mzXML,"good day chocolate with melatonin, from whole foods la jolla",TRUE,yes,none
SAMEA7032607,ERX4260321,608028,ftp.sra.ebi.ac.uk/vol1/fastq/ERR431/008/ERR4311678/ERR4311678.fastq.gz,11442.G86786,G86786_1x_BE9_01_23190.mzXML,"dubliner natural cheese, from costco (Kerrygold)",TRUE,yes,none
SAMEA7032625,ERX4260339,479604,ftp.sra.ebi.ac.uk/vol1/fastq/ERR431/006/ERR4311696/ERR4311696.fastq.gz,11442.G86806,G86806_1x_BD10_01_23175.mzXML,mac n cheese,TRUE,yes,none
SAMEA7032637,ERX4260351,17117,ftp.sra.ebi.ac.uk/vol1/fastq/ERR431/008/ERR4311708/ERR4311708.fastq.gz,11442.G86818,G86818_10x_RF2_01_23197.mzXML,Organic Bolivian Blend coffee,TRUE,yes,none
SAMEA7032660,ERX4260374,460375,ftp.sra.ebi.ac.uk/vol1/fastq/ERR431/001/ERR4311731/ERR4311731.fastq.gz,11442.G86844,G86844_1x_RF11_01_23368.mzXML,Health-Ade Kombucha,TRUE,yes,none
SAMEA7032672,ERX4260386,644497,ftp.sra.ebi.ac.uk/vol1/fastq/ERR431/003/ERR4311743/ERR4311743.fastq.gz,11442.G86876,G86876_1x_BE11_01_23192.mzXML,havarti cheese (365 brand),TRUE,yes,none
SAMEA7032680,ERX4260394,6198,ftp.sra.ebi.ac.uk/vol1/fastq/ERR431/001/ERR4311751/ERR4311751.fastq.gz,11442.G86885,G86885_1x_BG3_01_23214.mzXML,dark chocolate sea salt and nibs; madecasse brand; 63% cocoa; best before 03/13/2019; sampled 2017-12-03 22:00,TRUE,yes,none
SAMEA7032688,ERX4260402,482036,ftp.sra.ebi.ac.uk/vol1/fastq/ERR431/009/ERR4311759/ERR4311759.fastq.gz,11442.G86894,G86894_1x_BA11_01_23126.mzXML,Organic Paesano Bread,TRUE,yes,none
SAMEA7032714,ERX4260428,383187,ftp.sra.ebi.ac.uk/vol1/fastq/ERR431/005/ERR4311785/ERR4311785.fastq.gz,11442.G86924,G86924_1x_BE8_01_23189.mzXML,garlic and herb shmear reduced fat; einstein bros bagels,TRUE,yes,none
SAMEA7032715,ERX4260429,377603,ftp.sra.ebi.ac.uk/vol1/fastq/ERR431/006/ERR4311786/ERR4311786.fastq.gz,11442.G86925,G86925_1x_BE7_01_23188.mzXML,garden veggie shmear reduced fat; einstein bros bagels,TRUE,yes,none
SAMEA7032716,ERX4260430,527887,ftp.sra.ebi.ac.uk/vol1/fastq/ERR431/007/ERR4311787/ERR4311787.fastq.gz,11442.G86926,G86926_1x_BE6_01_23186.mzXML,Honey almond shmear reduced fat; Einstein bros bagels,TRUE,yes,none
SAMEA7032751,ERX4260465,29027,ftp.sra.ebi.ac.uk/vol1/fastq/ERR431/002/ERR4311822/ERR4311822.fastq.gz,11442.G86969,G86969_1x_RG9_01_26462.mzXML,HM blueberry kombucha; just opened- long 2ndary ferment,TRUE,yes,none
SAMEA7032812,ERX4260526,838035,ftp.sra.ebi.ac.uk/vol1/fastq/ERR431/003/ERR4311883/ERR4311883.fastq.gz,11442.G87516,G87516_1x_RH8_01_26476.mzXML,pumpkin beer home brew AS sample,TRUE,yes,none
SAMEA7032866,ERX4260580,246837,ftp.sra.ebi.ac.uk/vol1/fastq/ERR431/007/ERR4311937/ERR4311937.fastq.gz,11442.G90212,G90212_1x_rerun_RC12_01_26509.mzXML,Iced Coffee; Club Med; regular,TRUE,yes,none
SAMEA7033796,ERX4261589,310931,ftp.sra.ebi.ac.uk/vol1/fastq/ERR431/008/ERR4313018/ERR4313018.fastq.gz,11442.G72510,G72510_BA2_01_18983.mzXML,roasted teriyaki seaweed snack,TRUE,yes,none
SAMEA7033805,ERX4261598,347391,ftp.sra.ebi.ac.uk/vol1/fastq/ERR431/007/ERR4313027/ERR4313027.fastq.gz,11442.G72644,G72644_5x_BF7_01_18332.mzXML,stilton colston basset,TRUE,yes,none
SAMEA7033836,ERX4261629,477823,ftp.sra.ebi.ac.uk/vol1/fastq/ERR431/008/ERR4313058/ERR4313058.fastq.gz,11442.G72717,72717_5x_RG9_01_17512.mzXML,matcha green tea,TRUE,yes,none
SAMEA7033840,ERX4261633,249516,ftp.sra.ebi.ac.uk/vol1/fastq/ERR431/002/ERR4313062/ERR4313062.fastq.gz,11442.G72723,G72723_BA12_01_18647.mzXML,sliced prosciutto,TRUE,yes,none
SAMEA7033844,ERX4261637,431488,ftp.sra.ebi.ac.uk/vol1/fastq/ERR431/006/ERR4313066/ERR4313066.fastq.gz,11442.G72727,G72727_5x_BH9_01_18407.mzXML,Ol Sciur,TRUE,yes,none
SAMEA7033846,ERX4261639,132496,ftp.sra.ebi.ac.uk/vol1/fastq/ERR431/008/ERR4313068/ERR4313068.fastq.gz,11442.G72729,G72729_5x_BA10_01_18265.mzXML,memoire,TRUE,yes,none
SAMEA7033847,ERX4261640,382491,ftp.sra.ebi.ac.uk/vol1/fastq/ERR431/009/ERR4313069/ERR4313069.fastq.gz,11442.G72730,G72730_5x_BD6_01_18303.mzXML,moliterno,TRUE,yes,none
SAMEA7033848,ERX4261641,459544,ftp.sra.ebi.ac.uk/vol1/fastq/ERR431/000/ERR4313070/ERR4313070.fastq.gz,11442.G72731,G72731_5x_BH10_01_18408.mzXML,Boschetto,TRUE,yes,none
SAMEA7033858,ERX4261651,31440,ftp.sra.ebi.ac.uk/vol1/fastq/ERR431/000/ERR4313080/ERR4313080.fastq.gz,11442.G72767,G72767_BG7_01_19040.mzXML,Wheat bread,TRUE,yes,none
SAMEA7033860,ERX4261653,714261,ftp.sra.ebi.ac.uk/vol1/fastq/ERR431/002/ERR4313082/ERR4313082.fastq.gz,11442.G72769,G72769_rerun_BB8_01_19072.mzXML,Gluten free muffin,TRUE,yes,none
SAMEA7033863,ERX4261656,348017,ftp.sra.ebi.ac.uk/vol1/fastq/ERR431/005/ERR4313085/ERR4313085.fastq.gz,11442.G72777,G72777_5x_BB12_01_18281.mzXML,midnight moon cheese,TRUE,yes,none
SAMEA7033868,ERX4261661,588081,ftp.sra.ebi.ac.uk/vol1/fastq/ERR431/000/ERR4313090/ERR4313090.fastq.gz,11442.G72792,G72792_5x_BE10_01_18321.mzXML,Sonoma Jack Hot Pepper Jack Cheese,TRUE,yes,none
SAMEA7033886,ERX4261679,18191,ftp.sra.ebi.ac.uk/vol1/fastq/ERR431/008/ERR4313108/ERR4313108.fastq.gz,11442.G72823,G72823_1x_RD1_01_18538.mzXML,"Lorimar 2013 Grenache, Syrah, Mourvedre- 13.5% AV",TRUE,yes,red
SAMEA7033894,ERX4261687,12655,ftp.sra.ebi.ac.uk/vol1/fastq/ERR431/006/ERR4313116/ERR4313116.fastq.gz,11442.G72833,G72833_1x_RA2_01_18500.mzXML,Ballast Point Fathom beer-7% ABV,TRUE,yes,none
SAMEA7033895,ERX4261688,8078,ftp.sra.ebi.ac.uk/vol1/fastq/ERR431/007/ERR4313117/ERR4313117.fastq.gz,11442.G72835,G72835_1x_RE2_01_18553.mzXML,red wine,TRUE,yes,red
SAMEA7033920,ERX4261712,325616,ftp.sra.ebi.ac.uk/vol1/fastq/ERR431/001/ERR4313141/ERR4313141.fastq.gz,11442.G73464,G73464_5x_BD11_01_18308.mzXML,Garden vegetable cream cheese,TRUE,yes,none
SAMEA7033926,ERX4261718,5827,ftp.sra.ebi.ac.uk/vol1/fastq/ERR431/007/ERR4313147/ERR4313147.fastq.gz,11442.G73505,G73505_1x_10ul_RB4_01_18621.mzXML,seattle's best coffee,TRUE,yes,none
SAMEA7033929,ERX4261721,45581,ftp.sra.ebi.ac.uk/vol1/fastq/ERR431/000/ERR4313150/ERR4313150.fastq.gz,11442.G73522,G73522_1x_RF6_01_18571.mzXML,white peach kombucha - origonic tonic,TRUE,yes,none
SAMEA7033931,ERX4261723,734866,ftp.sra.ebi.ac.uk/vol1/fastq/ERR431/002/ERR4313152/ERR4313152.fastq.gz,11442.G73524,G73524_1x_RG7_01_18584.mzXML,hibiscus blood orange kombucha - origonic tonic,TRUE,yes,none
SAMEA7033932,ERX4261724,5791,ftp.sra.ebi.ac.uk/vol1/fastq/ERR431/003/ERR4313153/ERR4313153.fastq.gz,11442.G73525,G73525_1x_10ul_RC11_01_18537.mzXML,Brew Dr. kombucha Happiness flavor,TRUE,yes,none
SAMEA7033939,ERX4261731,328597,ftp.sra.ebi.ac.uk/vol1/fastq/ERR431/000/ERR4313160/ERR4313160.fastq.gz,11442.G73649,G73649_5x_BA8_01_18263.mzXML,bianco sardo,TRUE,yes,none
SAMEA7033944,ERX4261736,304413,ftp.sra.ebi.ac.uk/vol1/fastq/ERR431/005/ERR4313165/ERR4313165.fastq.gz,11442.G73655,G73655_5x_BB9_01_18278.mzXML,Ten Year Sharp Cheddar,TRUE,yes,none
SAMEA7033947,ERX4261739,369443,ftp.sra.ebi.ac.uk/vol1/fastq/ERR431/008/ERR4313168/ERR4313168.fastq.gz,11442.G73658,G73658_5x_BE5_01_18316.mzXML,abbaye de belloc,TRUE,yes,none
SAMEA7033951,ERX4261743,378770,ftp.sra.ebi.ac.uk/vol1/fastq/ERR431/002/ERR4313172/ERR4313172.fastq.gz,11442.G73662,G73662_5x_BF8_01_18333.mzXML,sarro di bufala,TRUE,yes,none
SAMEA7033959,ERX4261751,336506,ftp.sra.ebi.ac.uk/vol1/fastq/ERR431/000/ERR4313180/ERR4313180.fastq.gz,11442.G73670,G73670_5x_BC11_01_18294.mzXML,good thunder,TRUE,yes,none
SAMEA7033963,ERX4261755,507305,ftp.sra.ebi.ac.uk/vol1/fastq/ERR431/004/ERR4313184/ERR4313184.fastq.gz,11442.G73674,G73674_5x_BH4_01_18402.mzXML,epoisse,TRUE,yes,none
SAMEA7033965,ERX4261757,445711,ftp.sra.ebi.ac.uk/vol1/fastq/ERR431/006/ERR4313186/ERR4313186.fastq.gz,11442.G73676,G73676_5x_BH3_01_18401.mzXML,delice de bourgogone,TRUE,yes,none
SAMEA7033966,ERX4261758,327214,ftp.sra.ebi.ac.uk/vol1/fastq/ERR431/007/ERR4313187/ERR4313187.fastq.gz,11442.G73677,G73677_5x_BD2_01_18299.mzXML,robiola bosina,TRUE,yes,none
SAMEA7033967,ERX4261759,476534,ftp.sra.ebi.ac.uk/vol1/fastq/ERR431/008/ERR4313188/ERR4313188.fastq.gz,11442.G73678,G73678_5x_BG6_01_18390.mzXML,brie de meaux,TRUE,yes,none
SAMEA7033968,ERX4261760,538252,ftp.sra.ebi.ac.uk/vol1/fastq/ERR431/009/ERR4313189/ERR4313189.fastq.gz,11442.G73679,G73679_5x_BB11_01_18280.mzXML,camembert fermier,TRUE,yes,none
SAMEA7033971,ERX4261763,403451,ftp.sra.ebi.ac.uk/vol1/fastq/ERR431/002/ERR4313192/ERR4313192.fastq.gz,11442.G73683,G73683_5x_BA4_01_18259.mzXML,alp blossom,TRUE,yes,none
SAMEA7033973,ERX4261765,57707,ftp.sra.ebi.ac.uk/vol1/fastq/ERR431/004/ERR4313194/ERR4313194.fastq.gz,11442.G73685,G73685_5x_BD5_01_18302.mzXML,boucherondia,TRUE,yes,none
SAMEA7033995,ERX4261787,358233,ftp.sra.ebi.ac.uk/vol1/fastq/ERR431/006/ERR4313216/ERR4313216.fastq.gz,11442.G73726,G73726_5x_BF6_01_18331.mzXML,good thunder,TRUE,yes,none
SAMEA7033996,ERX4261788,331872,ftp.sra.ebi.ac.uk/vol1/fastq/ERR431/007/ERR4313217/ERR4313217.fastq.gz,11442.G73727,G73727_5x_BC12_01_18295.mzXML,ParmagianoReggiano,TRUE,yes,none
SAMEA7034000,ERX4261792,558412,ftp.sra.ebi.ac.uk/vol1/fastq/ERR431/001/ERR4313221/ERR4313221.fastq.gz,11442.G73731,G73731_BA4_01_18985.mzXML,chocolate pot de creeme,TRUE,yes,none
SAMEA7034018,ERX4261810,853962,ftp.sra.ebi.ac.uk/vol1/fastq/ERR431/009/ERR4313239/ERR4313239.fastq.gz,11442.G73958,G73958_BE6_01_19007.mzXML,tortilla with cheddar cheese from burrito,TRUE,yes,none
SAMEA7034029,ERX4261821,446020,ftp.sra.ebi.ac.uk/vol1/fastq/ERR431/000/ERR4313250/ERR4313250.fastq.gz,11442.G73984,G73984_BH4_01_19051.mzXML,nutella,TRUE,yes,9:00 PM
SAMEA7034050,ERX4261842,332437,ftp.sra.ebi.ac.uk/vol1/fastq/ERR431/001/ERR4313271/ERR4313271.fastq.gz,11442.G74023,G74023_5x_BE11_01_18322.mzXML,"cheese, gouda with cumin",TRUE,yes,none
SAMEA7034071,ERX4261863,5676,ftp.sra.ebi.ac.uk/vol1/fastq/ERR431/002/ERR4313292/ERR4313292.fastq.gz,11442.G74050,G74050_1x_RG3_01_18581.mzXML,Koshihikari echigo beer,TRUE,yes,none
SAMEA7034078,ERX4261870,5928,ftp.sra.ebi.ac.uk/vol1/fastq/ERR431/009/ERR4313299/ERR4313299.fastq.gz,11442.G74076,G74076_1x_RB11_01_18619.mzXML,cider vinegar,TRUE,yes,none
SAMEA7034086,ERX4261878,28859,ftp.sra.ebi.ac.uk/vol1/fastq/ERR431/007/ERR4313307/ERR4313307.fastq.gz,11442.G74085,G74085_1x_RE11_01_18562.mzXML,vodka (40%alc/vol),TRUE,yes,none
SAMEA7034088,ERX4261880,988986,ftp.sra.ebi.ac.uk/vol1/fastq/ERR431/009/ERR4313309/ERR4313309.fastq.gz,11442.G74111,G74111_1x_RE8_01_18559.mzXML,Good Belly Probiotic Juice,TRUE,yes,none
SAMEA7034180,ERX4261972,71967,ftp.sra.ebi.ac.uk/vol1/fastq/ERR431/001/ERR4313401/ERR4313401.fastq.gz,11442.G75258,G75258_1x_10ul_RC10_01_18536.mzXML,Pierre Frick Wine 1.; Pinot noir 2015,TRUE,yes,red
SAMEA7034243,ERX4262035,717802,ftp.sra.ebi.ac.uk/vol1/fastq/ERR431/004/ERR4313464/ERR4313464.fastq.gz,11442.G75718,G75718_BF4_01_19020.mzXML,"pizza, celeste, frozen",TRUE,yes,none
SAMEA7034244,ERX4262036,659377,ftp.sra.ebi.ac.uk/vol1/fastq/ERR431/005/ERR4313465/ERR4313465.fastq.gz,11442.G75719,G75719_1x_RE6_01_18557.mzXML,jun,TRUE,yes,none
SAMEA7034245,ERX4262037,838574,ftp.sra.ebi.ac.uk/vol1/fastq/ERR431/006/ERR4313466/ERR4313466.fastq.gz,11442.G75720,G75720_1x_RH5_01_18597.mzXML,water kefir,TRUE,yes,none
SAMEA7034246,ERX4262038,485224,ftp.sra.ebi.ac.uk/vol1/fastq/ERR431/007/ERR4313467/ERR4313467.fastq.gz,11442.G75721,G75721_1x_10ul_RB6_01_18622.mzXML,kvaass,TRUE,yes,none
SAMEA7034250,ERX4262042,1004148,ftp.sra.ebi.ac.uk/vol1/fastq/ERR431/001/ERR4313471/ERR4313471.fastq.gz,11442.G75725,G75725_1x_RF5_01_18570.mzXML,kvaass,TRUE,yes,none
SAMEA7034251,ERX4262043,646141,ftp.sra.ebi.ac.uk/vol1/fastq/ERR431/002/ERR4313472/ERR4313472.fastq.gz,11442.G75726,G75726_1x_RD6_01_18543.mzXML,"kefir, home fermented",TRUE,yes,none
SAMEA7034256,ERX4262048,168577,ftp.sra.ebi.ac.uk/vol1/fastq/ERR431/007/ERR4313477/ERR4313477.fastq.gz,11442.G75763,G75763_1x_RB9_01_18617.mzXML,berliner weisse beer,TRUE,yes,none
SAMEA7034258,ERX4262050,14156,ftp.sra.ebi.ac.uk/vol1/fastq/ERR431/009/ERR4313479/ERR4313479.fastq.gz,11442.G75765,G75765_1x_RH7_01_18599.mzXML,warsteiner beer,TRUE,yes,none
SAMEA7034263,ERX4262055,1084243,ftp.sra.ebi.ac.uk/vol1/fastq/ERR431/004/ERR4313484/ERR4313484.fastq.gz,11442.G75772,G75772_1x_RF10_01_18575.mzXML,coconut water (harmless harvest w/ probiotics),TRUE,yes,none
SAMEA7034266,ERX4262058,5259,ftp.sra.ebi.ac.uk/vol1/fastq/ERR431/007/ERR4313487/ERR4313487.fastq.gz,11442.G75779,G75779_1x_RH8_01_18600.mzXML,sauvignon blanc,TRUE,yes,yellow
SAMEA7034267,ERX4262059,18752,ftp.sra.ebi.ac.uk/vol1/fastq/ERR431/008/ERR4313488/ERR4313488.fastq.gz,11442.G75780,G75780_p3_e9_GD3_01_21636.mzXML,pinot noir,TRUE,yes,red
SAMEA7034288,ERX4262080,478703,ftp.sra.ebi.ac.uk/vol1/fastq/ERR431/009/ERR4313509/ERR4313509.fastq.gz,11442.G78840,G78840_5x_BE12_01_18323.mzXML,Boursin cheese,TRUE,yes,none
SAMEA7034354,ERX4262146,638627,ftp.sra.ebi.ac.uk/vol1/fastq/ERR431/005/ERR4313575/ERR4313575.fastq.gz,11442.G79239,G79239_BC12_01_18678.mzXML,hard salami,TRUE,yes,none
SAMEA7034359,ERX4262151,429395,ftp.sra.ebi.ac.uk/vol1/fastq/ERR431/000/ERR4313580/ERR4313580.fastq.gz,11442.G79274,G79274_5x_BA2_01_18256.mzXML,feta cheese,TRUE,yes,none
