genbank_id	isolate	isolation_source	broad_category	genbank_accession
GCA_000193495	Acetobacter aceti	Food, Alcohol vinegar###Beech-wood shavings of vinegar plant###alcohol turned to vinegar	NA	GCA_000193495.1
GCA_001580535	Acetobacter cerevisiae	Beer###beer (ale) in storage	#Beverage	GCA_001580535.1
GCA_011516945	Acetobacter estunensis	Apple juice or cider or associated equipment###cider making	#Beverage	GCA_011516945.1
GCA_011516925	Acetobacter fabarum	cocoa bean heap fermentation	#Fruit (Seed)	GCA_011516925.1
GCA_011516865	Acetobacter ghanensis	traditional heap fermentation of Ghanaian cocoa beans	#Fruit (Seed)	GCA_011516865.1
GCA_011516885	Acetobacter lambici	fermenting lambic beer	#Beverage	GCA_011516885.1
GCA_000429165	Acetobacter nitrogenifigens	Kombucha tea	#Beverage	GCA_000429165.1
GCA_000964205	Acetobacter orleanensis	Belgian bottled beer###beer	#Fruit (Seed)	GCA_000964205.1
GCA_000285275	Acetobacter pasteurianus	Food, Beer###beer	#Fruit (Seed)	GCA_000285275.1
GCA_000310065	Acidipropionibacterium acidipropionici	Food, Cheese, Emmenthal###Emmenthaler cheese###emmental cheese	#Dairy product	GCA_000310065.1
GCA_000425285	Acidipropionibacterium jensenii	Food, Buttermilk###buttermilk	#Dairy product	GCA_000425285.1
GCA_000423445	Acidipropionibacterium thoenii	Food, Cheese, Emmenthal###Emmenthaler cheese###emmental cheese	#Dairy product	GCA_000423445.1
GCA_003325455	Acidipropionibacterium virtanenii	finnish malted barley###malted barley	#Fermented	GCA_003325455.1
GCA_003850045	Aeromicrobium camelliae	Ripened Pu'er tea	#Beverage	GCA_003850045.1
GCA_013408555	Aeromicrobium tamlense	Dried seaweed from Samyang beach###dried seaweed	NA	GCA_013408555.1
GCA_000583695	Agrilactobacillus composti	Environment, Compost of distilled shochu residue###Compost of distilled shochu residue###composting material of distilled shochu residue	#Beverage	GCA_000583695.1
GCA_900163565	Agrococcus casei	Food, Sear-ripened cheeses, surfaces###Gubbeen cheese	#Dairy product	GCA_900163565.1
GCA_900099705	Agrococcus jejuensis	From seaweed###Dried seaweed around Samyang Beach in Jeju###Dried seaweed	NA	GCA_900099705.1
GCA_004134805	Agromyces atrinae	From Jeotgal, fermented shellfisg###traditional fermented seafood	#Fermented	GCA_004134805.1
GCA_001544355	Alicyclobacillus acidiphilus	Acidic beverage###Off-flavoured, acidic beverage###acidic beverage, that was off-flavored	NA	GCA_001544355.1
GCA_008933155	Aliivibrio finisterrensis	cultured Manila clamp <i> Ruditapes philippinarum</i>	#Mollusca	GCA_008933155.1
GCA_000245735	Alishewanella jeotgali	From Flatfish Sik Hae###Gajami sikhae (jeotgal), a traditional Korean fermented seafood###gajami sikhae (jeotgal), a traditional fermented Korean food	#Fermented	GCA_000245735.1
GCA_900109085	Alkalibacterium gilvum	mould-ripened, soft cheese (Brie cheese)	#Dairy product	GCA_900109085.1
GCA_018967645	Allobacillus halotolerans	food product	#Food	GCA_018967645.1
GCA_001281265	Apilactobacillus kunkeei	Commercial Cabernet Sauvignon wine###Partially fermented grape juice###commercial grape wine undergoing a sluggish/stuck alcoholic fermentation	#Beverage	GCA_001281265.1
GCA_009377195	Arthrobacter bussei	Sliced cheese	#Dairy product	GCA_009377195.1
GCA_002844575	Heyndrickxia camelliae	From pu'er tea###a ripened Pu'er tea sample obtained from a manufacturer	#Beverage	GCA_002844575.1
GCA_001050115	Bacillus smithii	Food, Cheese###cheese	#Dairy product	GCA_001050115.1
GCA_000421665	Bavariicoccus seileri	Surface of mature German red smear soft cheese###surface and smear water of smear-ripened soft cheeses	NA	GCA_000421665.1
GCA_000022965	Bifidobacterium animalis subsp. lactis	Fermented milk###yoghurt	#Dairy product	GCA_000022965.1
GCA_002259795	Bifidobacterium aquikefiri	Water kefir###A household water kefir fermentation process carried out in 2014	NA	GCA_002259795.1
GCA_000741285	Bifidobacterium mongoliense	Airag, a traditional fermented mare's milk product from Mongolia###airag, the Mongolian traditional beverage made of fermented mare's milk	#Beverage	GCA_000741285.1
GCA_000225825	Brachybacterium squillarum	Salt-fermented food made of tiny shrimp###food product	#Food	GCA_000225825.1
GCA_006539005	Brevibacterium aurantiacum	Food, Cheese, Camembert###camembert cheese	NA	GCA_006539005.1
GCA_900169275	Brevibacterium casei	Food, Cheese, Cheddar###cheddar cheese	#Dairy product	GCA_900169275.1
GCA_007828155	Brevibacterium jeotgali	<i>seau-jeot</i> (shrimp jeotgal), a traditional fermented seafood	#Fermented	GCA_007828155.1
GCA_008868375	Brevibacterium linens	Food, Cheese, Harzerkase###Dairy product###Cheese,Harzerkäse###harzer cheese	#Dairy product	GCA_008868375.1
GCA_000708655	Carnobacterium jeotgali	From Korean traditional fermented food###Korean traditional fermented food (jeotgal)###traditional Korean fermented food ""toha jeotgal""	#Fermented	GCA_000708655.1
GCA_002943655	Chryseobacterium shigense	lactic acid beverage	#Beverage	GCA_002943655.1
GCA_002995785	Clostridium liquoris	An old fermentation pit###fermentation pit used for the production of Chinese strong-flavoured liquor	#Beverage	GCA_002995785.1
GCA_023656515	Clostridium swellfunianum	Pit mud of the <I>Luzhou-flavor</I> liquor manufacturer###pit mud of the Chinese <i>Luzhou-flavor</i> liquor manufacturer	#Beverage	GCA_023656515.1
GCA_002995795	Clostridium thermopalmarium	palm wine	#Plant sap (Flux)	GCA_002995795.1
GCA_019144145	Clostridium tyrobutyricum	emmental cheese	#Dairy product	GCA_019144145.1
GCA_000591415	Cobetia crustatorum	From jogae jeotgal###Jeotgal, traditional Korean fermented seafood###Fermented seafood	#Fermented	GCA_000591415.1
GCA_001434855	Companilactobacillus bobalius	Bobal grape must###Spanish Bobal grape must	#Fruit (Seed)	GCA_001434855.1
GCA_000184535	Companilactobacillus farciminis	Food, Sausage###sausage	#Meat	GCA_000184535.1
GCA_003946325	Companilactobacillus furfuricola	Fermented rice bran paste, ""nukadoko""###Nukadoko (fermented rice bran paste for Japanese pickles)	#Food	GCA_003946325.1
GCA_000831645	Companilactobacillus heilongjiangensis	Chinese pickle###Chinese traditional pickle	#Food	GCA_000831645.1
GCA_003946015	Companilactobacillus insicii	industrial pure pork salami###fermented raw meat (industrial-type pure pork salami)	#Meat	GCA_003946015.1
GCA_001438805	Companilactobacillus kimchiensis	Kimchi (traditional fermented food)###kimchi, fermented Korean food	#Fermented	GCA_001438805.1
GCA_001311095	Companilactobacillus kimchii	Food, Fermented vegetable, Kimchi###fermented vegetable (kimchi)	#Fermented	GCA_001311095.1
GCA_001434275	Companilactobacillus mindensis	Commercial sourdough###Industrial rye sourdough starter preparation (BRS)###sourdough	#Fermented	GCA_001434275.1
GCA_001435815	Companilactobacillus nantensis	Food, Traditional French wheat sourdough###French wheat sourdough###wheat sourdough	#Food	GCA_001435815.1
GCA_000615905	Companilactobacillus nodensis	Food, Rice bran, Japanse pickles###Rice bran###Japanese pickles	#Food	GCA_000615905.1
GCA_000615725	Companilactobacillus paralimentarius	sourdough	#Fermented	GCA_000615725.1
GCA_001434665	Companilactobacillus tucceti	Food, Meat, sausage###sausage	#Meat	GCA_001434665.1
GCA_000260455	Companilactobacillus versmoldensis	Poultry, raw fermented sausage###Raw fermented sausage###poultry salami	NA	GCA_000260455.1
GCA_000183325	Corynebacterium bovis	Food, Milk###milk	#Dairy product	GCA_000183325.1
GCA_000550785	Corynebacterium casei	Food, Cheese###Cheese,surface of smear-ripened cheese###surface of a smear-ripened cheese###cheese	#Dairy product	GCA_000550785.1
GCA_001941465	Corynebacterium flavescens	Food, Cheese###cheese	#Dairy product	GCA_001941465.1
GCA_001941485	Corynebacterium frankenforstense	Raw cow milk###bulk milk tank of a dairy farm	#Engineered product	GCA_001941485.1
GCA_000179395	Corynebacterium variabile	Food, Cheese###Surface of a smear-ripened cheese###Cheese,Irish smear-ripened cheese (Gubbeen)###cheese	#Dairy product	GCA_000179395.1
GCA_000226215	Dietzia alimentaria	traditional salt-fermented seafood made of clam jeotgal	#Fermented	GCA_000226215.1
GCA_001729785	Enterobacter hormaechei subsp. xiangfangensis	Sourdough	#Fermented	GCA_001729785.1
GCA_900447695	Enterococcus durans	Roquefort cheese	#Dairy product	GCA_900447695.1
GCA_000185365	Enterococcus italicus	Food, Cheese, Toma Piemontese###Cheese,Italian Toma,from bovine milk###toma cheese	#Dairy product	GCA_000185365.1
GCA_015904215	Enterococcus lactis	raw milk cheese (Bitto PDO)	#Dairy product	GCA_015904215.1
GCA_000393875	Enterococcus malodoratus	Food, Cheese, Gouda###Cheese,Gouda###gouda cheese	#Dairy product	GCA_000393875.1
GCA_001886265	Enterococcus thailandicus	From fermented sausage(mum)###fermented sausage (mum)	#Meat	GCA_001886265.1
GCA_005405365	Enterococcus xiangfangensis	traditional pickle	#Fermented	GCA_005405365.1
GCA_014644275	Franconibacter daqui	Daqu sample	#Beverage	GCA_014644275.1
GCA_001437175	Fructilactobacillus fructivorans	wine	#Fruit (Seed)	GCA_001437175.1
GCA_001436035	Fructilactobacillus sanfranciscensis	Food, San Francisco sour dough###San Francisco sour dough###San Francisco sourdough	#Food	GCA_001436035.1
GCA_900112405	Fructobacillus durionis	Traditional Malaysian acid-fermented condiment (tempoyak)###Tempoyak (Malaysian acid-fermented condiment made from pulp of the durian fruit)###Tempoyak	#Fermented	GCA_900112405.1
GCA_000277855	Furfurilactobacillus rossiae	Food, Wheat sourdough###wheat sourdough	#Food	GCA_000277855.1
GCA_001437435	Furfurilactobacillus siliginis	Food, Wheat-flour sample taken from standard Korean wheat-flour No. 3, produced by DaeHan Flour Mills, Korea (http://www.dhflour.co.kr)###From fermented food###wheat sourdough	#Food	GCA_001437435.1
GCA_014195445	Garicola koreensis	Seau-jeot, a traditional fermented seafood###saeu-jeot (Korean salted fermented shrimp)	#Fermented	GCA_014195445.1
GCA_015244675	Gluconobacter cerevisiae	fermenting lambic beer	#Beverage	GCA_015244675.1
GCA_000197735	Glutamicibacter arilaitensis	Food, Cheese, Reblochon###Surface of Reblochon cheese###Reblochon cheese	#Dairy product	GCA_000197735.1
GCA_009659515	Gracilibacillus thailandensis	Fermented fish (<I>pla-ra</I>) in Thailand###fermented fish (pla-ra) from a market###pla-ra (traditional fermented fish)	#Fermented	GCA_009659515.1
GCA_000710615	Haladaptatus cibarius	Jeotgal, traditional Korean fermented seafood###salt-fermented seafood	#Fermented	GCA_000710615.1
GCA_014647155	Halarchaeum nitratireducens	Commercial solar salt sample from seawater in Japan###food product	#Food	GCA_014647155.1
GCA_014647115	Halarchaeum rubridurum	Commercial solar salt sample produced in the Philippines###commercial solar sea salt	#Marine	GCA_014647115.1
GCA_014647095	Haloarcula salaria	Salt in a fish sauce sample from Thailand###food product	#Food	GCA_014647095.1
GCA_019823105	Halobaculum magnesiiphilum	Commercial sea salt produced in Japan###food product	#Food	GCA_019823105.1
GCA_014647235	Halomicroarcula pellucida	Solar salt 'Sel marin de Guérande' from France###food product	#Food	GCA_014647235.1
GCA_009902005	Halomonas alimentaria	Food, Jeotgal, korean traditinal fermented seafood###From jeotgal (Korean traditional fermented seafood)###Jeotgal, Korean traditional fermented seafood###seafood jeotgal	#Fermented	GCA_009902005.1
GCA_900182635	Halorubrum cibi	Salt-fermented seafood, shrimp jeotgal###shrimp jeotgal, a traditional Korean salt-fermented food	#Fermented	GCA_900182635.1
GCA_000710605	Natrinema thermotolerans	From shrimp jeotgal, a traditional salt-fermented food###Shrimp jeotgal, a traditional salt-fermented food from Korea###shrimp jeotgal, a traditional fermented food	#Fermented	GCA_000710605.1
GCA_003610635	Psychroserpens magnus	Intestine of cultured flounder (<I>Paralichthys olivaceus</I>) collected from a fish farm in Shandong Province###intestine of cultured flounder <i>Paralichthys olivaceus</i>	NA	GCA_003610635.1
GCA_000829445	Jeotgalibacillus alimentarius	Food, Jeotgal, fermented seafood###Jeotgal, Korean traditional fermented seafood###jeotgal (traditional Korean fermented seafood)###traditional fermented seafood (jeotgal)	#Fermented	GCA_000829445.1
GCA_003387165	Jeotgalicoccus halotolerans	Jeotgal###Jeotgal (traditional Korean fermented seafood)###jeotgal, traditional Korean fermented seafood	#Fermented	GCA_003387165.1
GCA_000425845	Jeotgalicoccus psychrophilus	Food, Fermented seafood jeotgal###Jeotgal, traditional Korean fermented seafood###Jeotgal (traditional Korean fermented seafood)###jeotgal, Korean fermented seafood	#Fermented	GCA_000425845.1
GCA_003311635	Komagataeibacter cocois	gel pellicle sample of naturally fermented coconut milk	#Fermented	GCA_003311635.1
GCA_000964405	Komagataeibacter hansenii	Food, Local vinegar brew###Local vinegar brewery###Mutant derived from vinegar isolate NCIB 8745###vinegar	NA	GCA_000964405.1
GCA_000164395	Komagataeibacter hansenii	vinegar	NA	GCA_000164395.1
GCA_000964425	Komagataeibacter intermedius	Swiss Kombucha beverage###Liquid phase of a tea fungus beverage (Kombucha)###tea fungus beverage (Komucha)	#Beverage	GCA_000964425.1
GCA_000613305	Komagataeibacter kakiaceti	Kaki vinegar in Kumamoto Pref.###kaki vinegar	#Fruit (Seed)	GCA_000613305.1
GCA_003207815	Komagataeibacter oboediens	Food, Red wine vinegar###Submerged cider vinegar fermentation at a factory###industrial red wine vinegar fermentation	#Beverage	GCA_003207815.1
GCA_002155145	Kushneria konosiri	Korean traditional salt-fermented seafood Daemi-jeot###Daemi-jeot, a traditional Korean salted and fermented seafood, which is made of larval gizzard shad (Konosirus punctatus) with solar salt	#Fermented	GCA_002155145.1
GCA_003633775	Kushneria sinocarnis	Chinese traditional cured meat	#Meat	GCA_003633775.1
GCA_001311195	Lacticaseibacillus camelliae	Plant, Fermented tea leaves###Fermented tea leaves (<I>miang</I>) in Thailand###fermented tea leaves (miang)	#Leaf (Phyllosphere)	GCA_001311195.1
GCA_000615205	Lacticaseibacillus casei	Food, Cheese###cheese	#Dairy product	GCA_000615205.1
GCA_001311155	Lacticaseibacillus manihotivorans	Cassava fermentation process###Cassava fermenter###cassava sour starch fermentation	#Fermented	GCA_001311155.1
GCA_023656965	Lacticaseibacillus paracasei subsp. paracasei	lactic acid beverage ""Yakult""	#Beverage	GCA_023656965.1
GCA_003946305	Lacticaseibacillus porcinae	From nem chua samples(fermented pork)###Traditional Vietnamese nem chua###Food,Nem chua (fermented pork)###nem chua samples (fermented pork)	#Meat	GCA_003946305.1
GCA_003946025	Lacticaseibacillus songhuajiangensis	Sourdough###traditional sourdough###From traditional sourdough	#Food	GCA_003946025.1
GCA_001312865	Lacticaseibacillus thailandensis	Plant, Fermented tea leaves###fermented tea leaves (miang)	#Leaf (Phyllosphere)	GCA_001312865.1
GCA_001435215	Lactiplantibacillus argentoratensis	Plant, Root of fermented manioc###Vegetable matrices###Sour cassava (fufu)###fermented cassava roots (fufu)	#Root (Rhizome)	GCA_001435215.1
GCA_000498955	Lactiplantibacillus fabifermentans	cocoa bean heap fermentation	#Fruit (Seed)	GCA_000498955.1
GCA_001039045	Lactiplantibacillus herbarum	traditional Chinese fermented radish	#Fermented	GCA_001039045.1
GCA_005405385	Lactiplantibacillus mudanjiangensis	Korean pickle, Japanese pickle, Chinese pickle###Pickle###traditional pickle###From traditional pickle	#Fermented	GCA_005405385.1
GCA_001888655	Lactiplantibacillus plantarum subsp. plantarum	Food, Sauerkraut###pickled cabbage	NA	GCA_001888655.1
GCA_001436855	Lactiplantibacillus plantarum	Fermenting jojoba meal###Jojoba meal###jojoba meal fermentation	#Shrub (Scrub)	GCA_001436855.1
GCA_001438845	Lactiplantibacillus xiangfangensis	Chinese pickle###pickle	#Food	GCA_001438845.1
GCA_001311725	Lactobacillus acetotolerans	Food, Turbid broth of rice vinegar###Turbid broth of rice vinegar###fermented vinegar broth	NA	GCA_001311725.1
GCA_001971585	Companilactobacillus allii	From scallion kimchi###Scallion kimchi in Gwangju###scallion kimchi	#Fermented	GCA_001971585.1
GCA_000178475	Lactobacillus amylolyticus	Brewery###acidified beer wort	NA	GCA_000178475.1
GCA_003124125	Levilactobacillus bambusae	traditional fermented ma bamboo shoot products	#Food	GCA_003124125.1
GCA_001434585	Companilactobacillus crustorum	Food, Wheat sourdough###Wheat sourdough###Sourdough	#Fermented	GCA_001434585.1
GCA_000785105	Lentilactobacillus curieae	Stinky tofu brine###food product	#Food	GCA_000785105.1
GCA_001953135	Lactobacillus delbrueckii subsp. bulgaricus	yoghourt	#Dairy product	GCA_001953135.1
GCA_000056065	Lactobacillus delbrueckii subsp. bulgaricus	Food, Bulgarian yogurt###Bulgarian yogurt###bulgarian yoghourt	#Dairy product	GCA_000056065.1
GCA_000615095	Lactobacillus delbrueckii	sour grain mash	#Food	GCA_000615095.1
GCA_001189855	Lactobacillus delbrueckii subsp. indicus	Indian dairy products###Dairy fermented product###traditional dairy fermented product (Dahi type)	#Dairy product	GCA_001189855.1
GCA_000192165	Lactobacillus delbrueckii subsp. lactis	Food, Cheese, Emmental Swiss###Emmental (Swiss) cheese###Cheese,Swiss Emmenthal###emmental cheese	#Dairy product	GCA_000192165.1
GCA_001190005	Lactobacillus delbrueckii subsp. sunkii	From sunki, Japanese traditional fermented vegetable(pickle)###Sunki, traditional Japanese pickles###sunki, Japanese traditional fermented vegetable	#Fermented	GCA_001190005.1
GCA_001435505	Companilactobacillus futsaii	Fu-tsai, a traditional fermented mustard product###Fermented mustard	NA	GCA_001435505.1
GCA_000160855	Lactobacillus helveticus	Food, Cheese, Emmental Swiss###Emmental (Swiss) cheese###emmental cheese	#Dairy product	GCA_000160855.1
GCA_001437535	Lactobacillus helveticus	Malt whisky distilleries###Malt whisky	#Beverage	GCA_001437535.1
GCA_000615685	Lactobacillus kefiranofaciens	Food, Kefir grains###kefir grains	NA	GCA_000615685.1
GCA_001311335	Lactobacillus kefiranofaciens subsp. kefirgranum	Plant, Kefir grains###Kefir grains###Kefir grains from E.C.Hansen's lab.,Copenhagen,DK###kefir grain	NA	GCA_001311335.1
GCA_001313205	Secundilactobacillus kimchicus	From kimchi###Kimchi###food product	#Food	GCA_001313205.1
GCA_000014525	Lacticaseibacillus paracasei	Food, Emmental cheese###Emmental cheese	#Dairy product	GCA_000014525.1
GCA_000534815	Lactococcus cremoris	Raw milk###Cheese starter culture	#Starter culture	GCA_000534815.1
GCA_018403745	Lactococcus formosensis	<I>Yan-tsai-shin</I> (fermented broccoli stems)###fermented broccoli stems	#Fermented	GCA_018403745.1
GCA_000820425	Lactococcus garvieae	fermented milk (raib), Algerian cow	#Dairy product	GCA_000820425.1
GCA_001435715	Latilactobacillus sakei subsp. carnosus	From fermented meat product(raw sausage)###Fermented meat product###Raw sausage###fermented meat produkt	#Meat	GCA_001435715.1
GCA_000615365	Latilactobacillus sakei	Food, Starter of sake###Moto (starter of sake)###Sake starter,'Moto'###""Moto"" starter of sake	#Beverage	GCA_000615365.1
GCA_002271215	Lelliottia jeotgali	Jogae-jeotgal, a traditional Korean fermented clam in Inchon###traditional Korean fermented clams (jogae-jeotgal)	#Fermented	GCA_002271215.1
GCA_000224785	Lentibacillus jeotgali	From Garibi-jeotgal, traditional Korean fermented seafood made from scallops###Jeotgal, traditional Korean fermented seafood###traditional Korean fermented seafood made from scallops, ""Garibi-jeotgal""	#Fermented	GCA_000224785.1
GCA_001311805	Lentibacillus juripiscarius	Food, Fish, sauce###Fish sauce (nam-pla) produced in Thailand###fish sauce	NA	GCA_001311805.1
GCA_014646635	Lentibacillus kapialis	Shrimp paste, fermented###Fermented shrimp paste ('ka-pi') produced in Thailand###fermented shrimp paste###fermented shrimp paste from a market	#Fermented	GCA_014646635.1
GCA_000583655	Lentilactobacillus farraginis	Environment, Compost of distilled shochu residue###Compost of distilled shochu residue###composting material of distilled shochu residue	#Beverage	GCA_000583655.1
GCA_000159315	Lentilactobacillus hilgardii	Plant, Wine###wine	#Fruit (Seed)	GCA_000159315.1
GCA_001311745	Lentilactobacillus kefiri	Food, Kefir grains###kefir grains	NA	GCA_001311745.1
GCA_001311425	Lentilactobacillus kisonensis	Sunki, non-salted pickle solution###Sunki, traditional Japanese pickles###non-salted pickle solution used in production of sunki (Japanese traditional fermented leaves and stems of red turnips)	#Fermented	GCA_001311425.1
GCA_000415925	Lentilactobacillus otakiensis	Sunki, non-salted pickle solution###Sunki, traditional Japanese pickles###non-salted pickle solution used in production of sunki (Japanese traditional fermented leaves and stems of red turnips)	#Fermented	GCA_000415925.1
GCA_001437335	Lentilactobacillus parabuchneri	Environment, Blair athol distillery###Late fermentation sample from a malt whiskey distillery###blair athol distillery	#Beverage	GCA_001437335.1
GCA_001311355	Lentilactobacillus parafarraginis	Environment, Compost of distilled shochu residue###Compost of distilled shochu residue###composting material of distilled shochun residue	#Beverage	GCA_001311355.1
GCA_001434215	Lentilactobacillus parakefiri	Plant, Kefir grains###Kefir grains###Kefir grains from E.C.Hansen's lab.,Copenhagen,DK###kefir grain	NA	GCA_001434215.1
GCA_001311445	Lentilactobacillus rapi	Sunki, non-salted pickle solution###Sunki, traditional Japanese pickles###non-salted pickle solution used in production of sunki (Japanese traditional fermented leaves and stems of red turnips)	#Fermented	GCA_001311445.1
GCA_001435575	Lentilactobacillus sunkii	Sunki, non-salted pickle solution###Sunki, traditional Japanese pickles###non-salted pickle solution used in production of sunki (Japanese traditional fermented leaves and stems of red turnips)	#Fermented	GCA_001435575.1
GCA_000350525	Leucobacter salsicius	Jeotgal (a Korean salt-fermented food containing tiny shrimps)###jeotgal, a Korean salt-fermented food	#Fermented	GCA_000350525.1
GCA_000165675	Leuconostoc fallax	Pickled cabbage (Sauerkraut)###sauerkraut	NA	GCA_000165675.1
GCA_012396485	Leuconostoc holzapfelii	Ethiopian coffee fermentation###coffee fermentation	#Shrub (Scrub)	GCA_012396485.1
GCA_000166735	Leuconostoc inhae	Food, Kimchi, fermented vegetale food in Korea###From Kimchi(fermented vegetable food in Korea)###Kimchi###kimchi (fermented vegetable food in Korea)	#Fermented	GCA_000166735.1
GCA_000160595	Leuconostoc mesenteroides subsp. cremoris	Food, Dried cheese starter powder###Hansen's dried starter powder	#Starter culture	GCA_000160595.1
GCA_001886915	Leuconostoc mesenteroides subsp. jonggajibkimchii	Kimchi###a commercial kimchi	#Fermented	GCA_001886915.1
GCA_000014445	Leuconostoc mesenteroides	Food, Fermenting olives###Olives###fermenting olives	#Fermented	GCA_000014445.1
GCA_019656055	Leuconostoc miyukkimchii	Brown algae kimchi (miyukkimchi)###fermented brown algae (<i>Undaria pinnatifida</i>) L. kimchi	#Brown Algae	GCA_019656055.1
GCA_019656075	Leuconostoc palmae	Food, Palm, wine###palm wine	#Plant sap (Flux)	GCA_019656075.1
GCA_014634805	Leuconostoc falkenbergense	Lactic culture,(Flora Danica)	#Starter culture	GCA_014634805.1
GCA_001434835	Levilactobacillus acidifarinae	Food, Wheat sourdough###Wheat sourdough###artisanal wheat sourdough	#Food	GCA_001434835.1
GCA_002933755	Levilactobacillus brevis	Green, fermenting Sevillano variety olives###green fermenting Sevillano variety olives	#Fermented	GCA_002933755.1
GCA_001434395	Levilactobacillus hammesii	Food, Wheat sourdough###French sourdough###wheat sourdough	#Food	GCA_001434395.1
GCA_001435525	Levilactobacillus koreensis	From cabbage kimchi(traditional Korean fermented food)###Kimchi###cabbage kimchi	#Fermented	GCA_001435525.1
GCA_001434785	Levilactobacillus namurensis	Food, Sourdough based on wheat, rye and spelt flour###Belgian sourdough###Sourdough based on wheat,rye and spelt flour###sourdough, manufactured with wheat, rye and spelt flour	#Herbaceous plants (Grass,Crops)	GCA_001434785.1
GCA_001436675	Levilactobacillus senmaizukei	Japanese pickle###pickles	NA	GCA_001436675.1
GCA_001435095	Levilactobacillus spicheri	Food, Rice sourdough###rice sourdough	#Herbaceous plants (Grass,Crops)	GCA_001435095.1
GCA_003946265	Levilactobacillus yonginensis	Kimchi###Korean fermented food, Kimchi	#Fermented	GCA_003946265.1
GCA_001434115	Levilactobacillus zymae	Food, Wheat sourdough###Wheat sourdough###artisanal wheat sourdough	#Food	GCA_001434115.1
GCA_000260635	Ligilactobacillus acidipiscis	Food, Cheese###Halloumi cheese###Cheese,Halloumi###cheese, Halloumi	#Dairy product	GCA_000260635.1
GCA_001435755	Ligilactobacillus acidipiscis	Fermented fish (pla-ra)###fermented fish	#Fermented	GCA_001435755.1
GCA_000349725	Ligilactobacillus pobuzihii	Food, Fermented cummingcordia, food###From pobuzih, fermented cummingcordia###fermented cummingcordia (pobuzihi)	#Fermented	GCA_000349725.1
GCA_000159215	Limosilactobacillus fermentum	Food, Fermented beets###Fermented beets (Beta vulgaris)###fermented beets	NA	GCA_000159215.1
GCA_001436045	Limosilactobacillus frumenti	rye-bran sourdough	#Herbaceous plants (Grass,Crops)	GCA_001436045.1
GCA_001027985	Limosilactobacillus panis	Rye sourdough###sourdough	#Fermented	GCA_001027985.1
GCA_001435345	Limosilactobacillus pontis	Sourdough###Sour dough###rye sourdough	#Herbaceous plants (Grass,Crops)	GCA_001435345.1
GCA_001437055	Limosilactobacillus secaliphilus	Type II sourdough fermentation###Rye sourdough###sour dough	#Fermented	GCA_001437055.1
GCA_001436735	Liquorilactobacillus cacaonum	cocoa bean heap fermentation	#Fruit (Seed)	GCA_001436735.1
GCA_001434915	Liquorilactobacillus capillatus	Tofu brine, fermented###Stinky tofu brine###isolated from fermented brine used for stinky tofu production	#Fermented	GCA_001434915.1
GCA_001435235	Liquorilactobacillus ghanensis	Ghanaian cocoa fermentations###cocoa fermentation	#Fruit (Seed)	GCA_001435235.1
GCA_001434845	Liquorilactobacillus hordei	malted barley	#Fermented	GCA_001434845.1
GCA_000260415	Liquorilactobacillus mali	Food, Apple juice from cider press###apple juice from cider press	#Beverage	GCA_000260415.1
GCA_001434225	Liquorilactobacillus nagelii	Food, Partially fermented wine###Wines undergoing sluggish/stuck alcoholic fermentation###Commercial red wine###partially fermented wine	#Beverage	GCA_001434225.1
GCA_001436275	Liquorilactobacillus oeni	Food, Bobal grape wines###Bobal wine	#Beverage	GCA_001436275.1
GCA_001312045	Liquorilactobacillus satsumensis	Food, Fermented rice###Mashes of shouchu (traditional Japanese distilled spirits)###shochu mash	#Beverage	GCA_001312045.1
GCA_001434935	Liquorilactobacillus uvarum	Spanish Boba grape must###Spanish bobal grape must###must of Bobal grape variety	#Fruit (Seed)	GCA_001434935.1
GCA_000255495	Liquorilactobacillus vini	Grape must ferment at high temperature###Fermenting grape musts###grape must, fermenting at high temperature	#Beverage	GCA_000255495.1
GCA_003970575	Mammaliicoccus fleurettii	Food, Goat, raw milk cheese###Cheese made from raw goat's milk###goat milk cheese	#Milk	GCA_003970575.1
GCA_007671655	Marinobacter piscensis	salted Anchovy food###Salty food	#Food	GCA_007671655.1
GCA_000686905	Marinospirillum insulare	fermented fish brine (kusaya gravy)	#Fermented	GCA_000686905.1
GCA_002874535	Mesobacillus jeotgali	Food, Korean traditonal fermented food###jeotgal, Korean traditional fermented seafood	#Fermented	GCA_002874535.1
GCA_000709935	Metabacillus indicus	Food, Jeotgal, a traditional Korean fermented seafood###From Jeotgal, a traditional Korean fermented seafood###jeotgal, a traditional Korean fermented seafood	#Fermented	GCA_000709935.1
GCA_022179345	Methylobacterium jeotgali	From fermented food (Shrimp Jeotgal)###food product	#Food	GCA_022179345.1
GCA_000422745	Microbacterium gubbeenense	Food, Cheese###surface of a smear-ripened cheese	#Dairy product	GCA_000422745.1
GCA_008017445	Microbacterium mitrae	salted turban shell (traditional fermented seafood)	#Fermented	GCA_008017445.1
GCA_003667525	Mycetocola reblochoni	Surface of Reblochon cheese at the late stage of ripening###surface of Reblochon cheese (late stage of ripening)	#Dairy product	GCA_003667525.1
GCA_000337695	Natronococcus jeotgali	From jeotgal###Shrimp jeotgal, traditional Korean fermented seafood###salted shrimp jeotgal (traditional fermented food in Korea)	#Fermented	GCA_000337695.1
GCA_014138825	Nesterenkonia jeotgali	Food, Jeotgal, traditional Korean fermented seafood###From Jeotgal###Jeotgal, Korean traditional fermented seafood###jeotgal, Korean fermented seafood	#Fermented	GCA_014138825.1
GCA_014647195	Oceanobacillus indicireducens	Fermented Polygonum indigo (<I>Polygonum tinctorium</I> Lour.) liquor sample aged for 4 days prepared in a laboratory###fermented Polygonum indigo ( <i>Polygonum tinctorium</i> Lour.) liquor sample aged for 4 days prepared in a laboratory	#Beverage	GCA_014647195.1
GCA_000340475	Oceanobacillus kimchii	mustard Kimchi, a traditional Korean fermented food	#Fermented	GCA_000340475.1
GCA_000309445	Oenococcus oeni	Food, Wine###wine	#Fruit (Seed)	GCA_000309445.1
GCA_004102045	Oenococcus sicerae	Fermented apple juices (ciders)###Apple juice in fermentation (cider)	#Fruit (Seed)	GCA_004102045.1
GCA_003008535	Ottowia oryzae	Sikhye from Andongsi	#Beverage	GCA_003008535.1
GCA_003614185	Paenibacillus aceti	Traditional acetic acid fermentation culture of Chinese cereal vinegars###from traditional acetic acid fermentation culture of cereal vinegars	#Beverage	GCA_003614185.1
GCA_001436805	Paralactobacillus selangorensis	Chili bo, a Malaysian food ingredient###Chili bo###""chili bo""	#Food	GCA_001436805.1
GCA_004341685	Pectinatus cerevisiiphilus	beer	#Fruit (Seed)	GCA_004341685.1
GCA_001437605	Pediococcus argentinicus	Argentinean fermented wheat flour###Wheat flour,commercial###fermented wheat flour	NA	GCA_001437605.1
GCA_015613245	Pediococcus pentosaceus	Food, Sake mash###sake mash	#Beverage	GCA_015613245.1
GCA_015613265	Pediococcus pentosaceus	Cheese,New Zealand Cheddar###cheddar cheese	#Dairy product	GCA_015613265.1
GCA_016908275	Periweissella beninensis	Cassava fermentations in Ketou###fermented cassava	#Shrub (Scrub)	GCA_016908275.1
GCA_023657365	Periweissella ghanensis	fermented cocoa beans	#Fruit (Seed)	GCA_023657365.1
GCA_900113675	Pisciglobus halotolerans	From fish sauce###fermented fish sauce	#Fermented	GCA_900113675.1
GCA_014202615	Planococcus koreensis	Food, Jeotgal, korean traditional fermented seafood###From Jeotgal, Korean traditional fermented seafood###Jeotgal, Korean traditional fermented seafood###jeotgal (korean traditional fermented seafood)	#Fermented	GCA_014202615.1
GCA_000940845	Propionibacterium freudenreichii	Food, Swiss cheese###Cheese,Swiss###swiss cheese	#Dairy product	GCA_000940845.1
GCA_000381065	Propionispira raffinosivorans	pitching yeast	NA	GCA_000381065.1
GCA_003144495	Proteus terrae subsp. cibarius	Korean fermented seafood, Jeotgal###Jeotgal (Korean traditional fermented seafood)	#Fermented	GCA_003144495.1
GCA_016107535	Psychrobacter cibarius	Food, Jeotgal, a traditional Korean fermented seafood###From Jeotgal, a traditional Korean fermented seafood###jeotgal, a traditional Korean fermented seafood	#Fermented	GCA_016107535.1
GCA_900107595	Psychroflexus halocasei	Cheese rind###sticky surface of a semi-hard, Raclette-type cheese	#Dairy product	GCA_900107595.1
GCA_003097615	Pueribacillus theae	ripened Pu'er tea sample obtained from a manufacturer	#Beverage	GCA_003097615.1
GCA_014642655	Pullulanibacillus camelliae	Ripened Pu'er tea###ripened Pu’er tea sample obtained from a manufacturer	#Beverage	GCA_014642655.1
GCA_014639255	Pullulanibacillus pueri	ripened Pu'er tea	#Beverage	GCA_014639255.1
GCA_001591825	Rossellomorea vietnamensis	Food, Fish, sauce###vietnamese fish sauce	#Food	GCA_001591825.1
GCA_004136575	Rothia koreensis	Food, Jeotgal, Korean traditional fermented seafood###From Jeotgal, fermented shellfisg###Jeotgal, Korean traditional fermented seafood###Korean traditional fermented seafood (jeotgal)	#Fermented	GCA_004136575.1
GCA_000299295	Salimicrobium jeotgali	Jeotgal, Korean salted and fermented seafood (anchovy jeotgal)###fermented anchovy (myeolchi-jeot)	#Fermented	GCA_000299295.1
GCA_000330705	Salinicoccus carnicancri	From Korean traditional fermented seafood###Crabs preserved in soy sauce, traditional Korean fermented seafood###traditional Korean fermented seafood (crabs)	#Fermented	GCA_000330705.1
GCA_001996005	Salinivibrio siamensis	Fermented fish (<I>pla-ra</I>) in Thailand###fermented fish (pla-ra)	#Fermented	GCA_001996005.1
GCA_000425885	Schleiferilactobacillus harbinensis	Food, Traditional fermented vegetables Suan cai###Traditional fermented vegetables 'Suan cai'###Fermented vegetables 'Suan cai'###chinese traditional fermented vegetable Suan cai	#Fermented	GCA_000425885.1
GCA_000469325	Schleiferilactobacillus shenzhenensis	fermented beverage	#Beverage	GCA_000469325.1
GCA_016908855	Scopulibacillus daqui	high temperature daqu (saccharifying and fermenting agent) of sesame-flavour liquor	#Beverage	GCA_016908855.1
GCA_001312845	Secundilactobacillus collinoides	Food, Fermenting apple juice###fermenting apple juice	NA	GCA_001312845.1
GCA_000260775	Secundilactobacillus malefermentans	Other, Beer###beer	#Fruit (Seed)	GCA_000260775.1
GCA_001313185	Secundilactobacillus odoratitofui	Stinky tofu brine in Taipei###fermented brine used for stinky tofu production	#Food	GCA_001313185.1
GCA_000740055	Secundilactobacillus oryzae	Fermented rice grain, Oryza sativa Lactobacillus japonica###From fermented rice grains###Fermented rice grain (<I>Oryza sativa</I> L. subsp. <I>japonica</I>)###fermented rice grains	#Fermented	GCA_000740055.1
GCA_001311075	Secundilactobacillus similis	Fermented cane molasses###Fermented molasses###fermented cane molasses at alcohol plants	#Plant (Factory)	GCA_001311075.1
GCA_002902605	Staphylococcus carnosus	Food, Fermenting fish and shrimp sauces###Pla-chom (fermented small fish)###fermented fish sauce (Pla-chom)	#Fermented	GCA_002902605.1
GCA_002902445	Staphylococcus casei	Food, Rind of surface ripened cheese###Rind of surface ripened cheese###surface ripened cheese	#Dairy product	GCA_002902445.1
GCA_001014685	Staphylococcus condimenti	Food, Soy sauce mash###Soy-sauce mash###soy sauce mash	#Food	GCA_001014685.1
GCA_002901955	Staphylococcus equorum subsp. linens	Food, Rind of surface ripened cheese###rind of surface ripened cheese	#Dairy product	GCA_002901955.1
GCA_003970555	Staphylococcus piscifermentans	Fermented shrimp###Shrimp,fermented (Kung-chom)###Kung-chom (fermented shrimp)	#Fermented	GCA_003970555.1
GCA_900453015	Staphylococcus saprophyticus	Ropy milk	NA	GCA_900453015.1
GCA_900459545	Streptococcus gallolyticus subsp. macedonicus	Food, Cheese, Kasseri###Greek Kasseri cheese prepared from ewes' milk###Greek Kasseri cheese	#Dairy product	GCA_900459545.1
GCA_000772915	Streptococcus phocae subsp. salmonis	cultured Atlantic salmon (<i>Salmo salar</i>)	#Salmonidae	GCA_000772915.1
GCA_024137205	Tetragenococcus halophilus subsp. halophilus	Soy sauce brewing mashes###soy sauce brewing mash	#Food	GCA_024137205.1
GCA_000423785	Tetragenococcus muriaticus	Squid liver sauce, Japanese local traditional fermented seafood###japanese local traditional fermented seafood	#Fermented	GCA_000423785.1
GCA_014207645	Thalassotalea piscium	Gill of a cultured flounder (<I>Paralichthys olivaceus</I>) in Shandong Province###gill of a cultured flounder (<i>Paralichthys olivaceus</i>)	#Vascular system	GCA_014207645.1
GCA_000763315	Thermoactinomyces daqus	high-temperature daqu, a fermentation starter used in the production of a sesame-flavour liquor	#Beverage	GCA_000763315.1
GCA_001870205	Vagococcus teuberi	spontaneously fermented sour-milk (fènè)	#Dairy product	GCA_001870205.1
GCA_002218025	Vibrio casei	Food, Surfaces of two French red smear soft cheeses###surface of a French smear ripened cheese (TF11)	#Dairy product	GCA_002218025.1
GCA_000709085	Virgibacillus alimentarius	Jeotgal, traditional salt-fermented seafood made of gizzard shad	#Fermented	GCA_000709085.1
GCA_005405525	Weissella cibaria	Food###From chili bo###Chilli Bo###chili bo	#Food	GCA_005405525.1
GCA_016466705	Weissella confusa	Food, Sour carrot mash###soured carrot mash	#Herbaceous plants (Grass,Crops)	GCA_016466705.1
GCA_000420365	Weissella halotolerans	Food, Sausage###Sausage meat###sausage	#Meat	GCA_000420365.1
GCA_005405545	Weissella hellenica	Fermented sausage###Dry naturally fermented Greek sausage###sausage; naturally-fermented	#Meat	GCA_005405545.1
GCA_000277645	Weissella koreensis	Food, Kimuchi, Fermented vegetable food###Traditional Korean fermented-vegetable food (Kimchi)###Traditional Korean fermented-vegetable food###kimchi, fermented vegetable food	#Fermented	GCA_000277645.1
GCA_003363255	Weissella thailandensis	From fermented fish###fermented fish	#Fermented	GCA_003363255.1
GCA_001437355	Weissella viridescens	Food, Cured meat product###cured meat products	#Meat	GCA_001437355.1
GCA_000277755	Zymomonas mobilis subsp. pomaceae	Fermenting palm sap (<I>Elaeis</I> sp.)###fermenting palm sap	#Plant sap (Flux)	GCA_000277755.1
