genbank_id	isolate	isolation_source	broad_category	completeness	contamination	contigs	total_length	gc	n50
GCA_001580535	Acetobacter cerevisiae	Beer###beer (ale) in storage	#Beverage	95.57	4.04	157	3088073	58.02	51728
GCA_011516945	Acetobacter estunensis	Apple juice or cider or associated equipment###cider making	#Beverage	95.33	1.56	120	3447365	59.66	75687
GCA_011516925	Acetobacter fabarum	cocoa bean heap fermentation	#Fruit (Seed)	94.13	4.04	68	3084471	57.77	192685
GCA_011516865	Acetobacter ghanensis	traditional heap fermentation of Ghanaian cocoa beans	#Fruit (Seed)	94.13	2.43	36	2794032	56.91	332815
GCA_011516885	Acetobacter lambici	fermenting lambic beer	#Beverage	94.51	5.43	193	3252368	57.17	75608
GCA_000429165	Acetobacter nitrogenifigens	Kombucha tea	#Beverage	98.91	0.09	51	4270516	60.45	275560
GCA_000964205	Acetobacter orleanensis	Belgian bottled beer###beer	#Fruit (Seed)	95.55	3.06	114	2985622	56.47	113168
GCA_000285275	Acetobacter pasteurianus	Food, Beer###beer	#Fruit (Seed)	86.85	4.97	141	2982393	53.11	90758
GCA_000310065	Acidipropionibacterium acidipropionici	Food, Cheese, Emmenthal###Emmenthaler cheese###emmental cheese	#Dairy product	96.23	0.46	1	3656170	68.77	3656170
GCA_000425285	Acidipropionibacterium jensenii	Food, Buttermilk###buttermilk	#Dairy product	95.75	0.17	56	3028354	68.66	155416
GCA_000423445	Acidipropionibacterium thoenii	Food, Cheese, Emmenthal###Emmenthaler cheese###emmental cheese	#Dairy product	98.44	0.09	45	2938072	67.97	168662
GCA_003325455	Acidipropionibacterium virtanenii	finnish malted barley###malted barley	#Fermented	98.3	0	1	3432872	68.36	3432872
GCA_003850045	Aeromicrobium camelliae	Ripened Pu'er tea	#Beverage	96.95	1.53	40	3063801	69.35	133037
GCA_013408555	Aeromicrobium tamlense	Dried seaweed from Samyang beach###dried seaweed	NA	96.18	0.65	1	3367060	71.25	3367060
GCA_000583695	Agrilactobacillus composti	Environment, Compost of distilled shochu residue###Compost of distilled shochu residue###composting material of distilled shochu residue	#Beverage	78.7	4.14	94	3449704	43.94	87613
GCA_900163565	Agrococcus casei	Food, Sear-ripened cheeses, surfaces###Gubbeen cheese	#Dairy product	98.62	0.66	48	2787318	65.27	135058
GCA_900099705	Agrococcus jejuensis	From seaweed###Dried seaweed around Samyang Beach in Jeju###Dried seaweed	NA	98.82	1.72	1	3400178	72.64	3400178
GCA_004134805	Agromyces atrinae	From Jeotgal, fermented shellfisg###traditional fermented seafood	#Fermented	80.32	13.83	23	3856763	69.1	347228
GCA_001544355	Alicyclobacillus acidiphilus	Acidic beverage###Off-flavoured, acidic beverage###acidic beverage, that was off-flavored	NA	95.79	4.84	165	3865262	54.9	57905
GCA_008933155	Aliivibrio finisterrensis	cultured Manila clamp <i> Ruditapes philippinarum</i>	#Mollusca	99.66	0.04	95	3902195	39.5	168183
GCA_900109085	Alkalibacterium gilvum	mould-ripened, soft cheese (Brie cheese)	#Dairy product	97.59	3.21	94	2181898	36.55	41813
GCA_018967645	Allobacillus halotolerans	food product	#Food	96.94	1.29	95	2726484	39.52	107022
GCA_001281265	Apilactobacillus kunkeei	Commercial Cabernet Sauvignon wine###Partially fermented grape juice###commercial grape wine undergoing a sluggish/stuck alcoholic fermentation	#Beverage	97.66	1.31	15	1515289	36.42	250196
GCA_002844575	Heyndrickxia camelliae	From pu'er tea###a ripened Pu'er tea sample obtained from a manufacturer	#Beverage	98.49	1.46	71	4953494	36.02	180478
GCA_001050115	Bacillus smithii	Food, Cheese###cheese	#Dairy product	98.67	0.29	2	3381292	40.75	3368778
GCA_000421665	Bavariicoccus seileri	Surface of mature German red smear soft cheese###surface and smear water of smear-ripened soft cheeses	NA	94.96	0.33	109	2242440	38.24	42553
GCA_000022965	Bifidobacterium animalis subsp. lactis	Fermented milk###yoghurt	#Dairy product	99	0.27	1	1938483	60.48	1938483
GCA_002259795	Bifidobacterium aquikefiri	Water kefir###A household water kefir fermentation process carried out in 2014	NA	95.22	2.21	18	2408364	52.29	242915
GCA_000741285	Bifidobacterium mongoliense	Airag, a traditional fermented mare's milk product from Mongolia###airag, the Mongolian traditional beverage made of fermented mare's milk	#Beverage	93.39	0.65	42	2170012	62.78	136681
GCA_006539005	Brevibacterium aurantiacum	Food, Cheese, Camembert###camembert cheese	NA	97.6	3.22	89	4120712	62.79	150419
GCA_900169275	Brevibacterium casei	Food, Cheese, Cheddar###cheddar cheese	#Dairy product	97.29	5.8	24	3840753	68.04	616578
GCA_007828155	Brevibacterium jeotgali	<i>seau-jeot</i> (shrimp jeotgal), a traditional fermented seafood	#Fermented	89.39	4.13	2	3330439	68.23	2609693
GCA_008868375	Brevibacterium linens	Food, Cheese, Harzerkase###Dairy product###Cheese,Harzerkäse###harzer cheese	#Dairy product	96.24	3.87	97	3949761	64.77	103745
GCA_000708655	Carnobacterium jeotgali	From Korean traditional fermented food###Korean traditional fermented food (jeotgal)###traditional Korean fermented food ""toha jeotgal""	#Fermented	88.84	0.49	107	2349614	35.22	35308
GCA_002943655	Chryseobacterium shigense	lactic acid beverage	#Beverage	99.34	0.21	38	4889274	37.47	324632
GCA_002995785	Clostridium liquoris	An old fermentation pit###fermentation pit used for the production of Chinese strong-flavoured liquor	#Beverage	98.76	0	75	2876197	30.96	80807
GCA_023656515	Clostridium swellfunianum	Pit mud of the <I>Luzhou-flavor</I> liquor manufacturer###pit mud of the Chinese <i>Luzhou-flavor</i> liquor manufacturer	#Beverage	100	4.36	6	4763217	34.29	4747948
GCA_002995795	Clostridium thermopalmarium	palm wine	#Plant sap (Flux)	100	0.16	74	2819317	30.98	104048
GCA_019144145	Clostridium tyrobutyricum	emmental cheese	#Dairy product	99.07	0.78	82	3144217	30.72	98614
GCA_000591415	Cobetia crustatorum	From jogae jeotgal###Jeotgal, traditional Korean fermented seafood###Fermented seafood	#Fermented	90.41	1.13	138	4049952	57.52	52455
GCA_001434855	Companilactobacillus bobalius	Bobal grape must###Spanish Bobal grape must	#Fruit (Seed)	98.8	2.65	29	2879146	35.25	424712
GCA_000184535	Companilactobacillus farciminis	Food, Sausage###sausage	#Meat	95.73	3.36	5	2498309	36.38	701607
GCA_003946325	Companilactobacillus furfuricola	Fermented rice bran paste, ""nukadoko""###Nukadoko (fermented rice bran paste for Japanese pickles)	#Food	98.37	1.14	95	2644344	38.62	44771
GCA_003946015	Companilactobacillus insicii	industrial pure pork salami###fermented raw meat (industrial-type pure pork salami)	#Meat	99.13	0.08	73	2536116	34.95	64521
GCA_001438805	Companilactobacillus kimchiensis	Kimchi (traditional fermented food)###kimchi, fermented Korean food	#Fermented	99.13	2.94	65	2696617	35.47	85023
GCA_001311095	Companilactobacillus kimchii	Food, Fermented vegetable, Kimchi###fermented vegetable (kimchi)	#Fermented	87.87	3.46	30	2742293	35.12	161786
GCA_001434275	Companilactobacillus mindensis	Commercial sourdough###Industrial rye sourdough starter preparation (BRS)###sourdough	#Fermented	99.13	2.81	87	2331205	38.22	52475
GCA_001435815	Companilactobacillus nantensis	Food, Traditional French wheat sourdough###French wheat sourdough###wheat sourdough	#Food	99.13	2.07	83	2910723	36.18	78661
GCA_000615905	Companilactobacillus nodensis	Food, Rice bran, Japanse pickles###Rice bran###Japanese pickles	#Food	91.28	1.04	52	2678542	37.56	144408
GCA_000615725	Companilactobacillus paralimentarius	sourdough	#Fermented	87.75	1.56	210	2523585	35.13	22613
GCA_001434665	Companilactobacillus tucceti	Food, Meat, sausage###sausage	#Meat	98.29	1.35	42	2171354	34.06	86321
GCA_000260455	Companilactobacillus versmoldensis	Poultry, raw fermented sausage###Raw fermented sausage###poultry salami	NA	98.26	1.33	59	2385973	38.25	87929
GCA_000550785	Corynebacterium casei	Food, Cheese###Cheese,surface of smear-ripened cheese###surface of a smear-ripened cheese###cheese	#Dairy product	99.04	0	3	3132213	55.68	3113488
GCA_001941465	Corynebacterium flavescens	Food, Cheese###cheese	#Dairy product	98.97	3.05	1	2758653	59.92	2758653
GCA_001941485	Corynebacterium frankenforstense	Raw cow milk###bulk milk tank of a dairy farm	#Engineered product	99.4	0.41	1	2604152	71.51	2604152
GCA_001729785	Enterobacter hormaechei subsp. xiangfangensis	Sourdough	#Fermented	99.32	0.39	1	4661849	55.28	4661849
GCA_900447695	Enterococcus durans	Roquefort cheese	#Dairy product	98.39	0.9	8	3357395	37.69	3078716
GCA_000185365	Enterococcus italicus	Food, Cheese, Toma Piemontese###Cheese,Italian Toma,from bovine milk###toma cheese	#Dairy product	95.96	2.14	55	2415788	39.17	2244623
GCA_015904215	Enterococcus lactis	raw milk cheese (Bitto PDO)	#Dairy product	99.23	0.08	70	2865190	38.14	105702
GCA_000393875	Enterococcus malodoratus	Food, Cheese, Gouda###Cheese,Gouda###gouda cheese	#Dairy product	97.21	10.24	10	4654237	39.94	1184980
GCA_001886265	Enterococcus thailandicus	From fermented sausage(mum)###fermented sausage (mum)	#Meat	96.85	0.81	50	2770914	36.6	142012
GCA_005405365	Enterococcus xiangfangensis	traditional pickle	#Fermented	96.44	4.91	19	2652541	39.03	263199
GCA_014644275	Franconibacter daqui	Daqu sample	#Beverage	99.31	0	19	4586288	56.5	649259
GCA_001437175	Fructilactobacillus fructivorans	wine	#Fruit (Seed)	95.45	0.27	10	1415974	38.81	368497
GCA_001436035	Fructilactobacillus sanfranciscensis	Food, San Francisco sour dough###San Francisco sour dough###San Francisco sourdough	#Food	98.28	0.94	58	1228010	34.69	52620
GCA_900112405	Fructobacillus durionis	Traditional Malaysian acid-fermented condiment (tempoyak)###Tempoyak (Malaysian acid-fermented condiment made from pulp of the durian fruit)###Tempoyak	#Fermented	92	0.65	17	1327392	44.74	175703
GCA_000277855	Furfurilactobacillus rossiae	Food, Wheat sourdough###wheat sourdough	#Food	98	2.18	69	2907679	43.45	150537
GCA_001437435	Furfurilactobacillus siliginis	Food, Wheat-flour sample taken from standard Korean wheat-flour No. 3, produced by DaeHan Flour Mills, Korea (http://www.dhflour.co.kr)###From fermented food###wheat sourdough	#Food	98.91	0.74	41	2067168	44.08	155219
GCA_014195445	Garicola koreensis	Seau-jeot, a traditional fermented seafood###saeu-jeot (Korean salted fermented shrimp)	#Fermented	83.99	1.84	27	2245867	65.44	1138164
GCA_015244675	Gluconobacter cerevisiae	fermenting lambic beer	#Beverage	96.08	5.62	40	3006335	58.32	206922
GCA_000197735	Glutamicibacter arilaitensis	Food, Cheese, Reblochon###Surface of Reblochon cheese###Reblochon cheese	#Dairy product	99.41	0.46	3	3918192	59.27	3859257
GCA_009659515	Gracilibacillus thailandensis	Fermented fish (<I>pla-ra</I>) in Thailand###fermented fish (pla-ra) from a market###pla-ra (traditional fermented fish)	#Fermented	98.39	0.81	116	4326512	36.63	73029
GCA_009902005	Halomonas alimentaria	Food, Jeotgal, korean traditinal fermented seafood###From jeotgal (Korean traditional fermented seafood)###Jeotgal, Korean traditional fermented seafood###seafood jeotgal	#Fermented	99.68	0.45	7	3281832	66.3	3266661
GCA_003610635	Psychroserpens magnus	Intestine of cultured flounder (<I>Paralichthys olivaceus</I>) collected from a fish farm in Shandong Province###intestine of cultured flounder <i>Paralichthys olivaceus</i>	NA	100	0.65	16	3009115	31.36	496483
GCA_000829445	Jeotgalibacillus alimentarius	Food, Jeotgal, fermented seafood###Jeotgal, Korean traditional fermented seafood###jeotgal (traditional Korean fermented seafood)###traditional fermented seafood (jeotgal)	#Fermented	93.8	6.45	32	3364745	43.13	315125
GCA_003387165	Jeotgalicoccus halotolerans	Jeotgal###Jeotgal (traditional Korean fermented seafood)###jeotgal, traditional Korean fermented seafood	#Fermented	90.61	4.72	17	2232970	41.21	223876
GCA_000425845	Jeotgalicoccus psychrophilus	Food, Fermented seafood jeotgal###Jeotgal, traditional Korean fermented seafood###Jeotgal (traditional Korean fermented seafood)###jeotgal, Korean fermented seafood	#Fermented	97.4	1.2	28	2345682	40.24	201008
GCA_003311635	Komagataeibacter cocois	gel pellicle sample of naturally fermented coconut milk	#Fermented	99.24	0.76	75	3406946	62.3	168149
GCA_000964405	Komagataeibacter hansenii	Food, Local vinegar brew###Local vinegar brewery###Mutant derived from vinegar isolate NCIB 8745###vinegar	NA	99.87	2.15	335	3683857	59.29	25111
GCA_000164395	Komagataeibacter hansenii	vinegar	NA	98.1	1.58	1	3636659	59.5	3636659
GCA_000964425	Komagataeibacter intermedius	Swiss Kombucha beverage###Liquid phase of a tea fungus beverage (Kombucha)###tea fungus beverage (Komucha)	#Beverage	100	1.33	295	3750984	61.67	61064
GCA_000613305	Komagataeibacter kakiaceti	Kaki vinegar in Kumamoto Pref.###kaki vinegar	#Fruit (Seed)	49.47	0.95	947	3133102	62.14	5713
GCA_003207815	Komagataeibacter oboediens	Food, Red wine vinegar###Submerged cider vinegar fermentation at a factory###industrial red wine vinegar fermentation	#Beverage	100	0.57	278	3777265	61.35	59803
GCA_002155145	Kushneria konosiri	Korean traditional salt-fermented seafood Daemi-jeot###Daemi-jeot, a traditional Korean salted and fermented seafood, which is made of larval gizzard shad (Konosirus punctatus) with solar salt	#Fermented	98.62	1.02	1	3584631	59.1	3584631
GCA_003633775	Kushneria sinocarnis	Chinese traditional cured meat	#Meat	98.98	2.82	18	3510707	64.11	426635
GCA_001311195	Lacticaseibacillus camelliae	Plant, Fermented tea leaves###Fermented tea leaves (<I>miang</I>) in Thailand###fermented tea leaves (miang)	#Leaf (Phyllosphere)	53.47	0.98	161	2542116	55.36	27973
GCA_000615205	Lacticaseibacillus casei	Food, Cheese###cheese	#Dairy product	74.35	1.28	178	2780019	47.75	38203
GCA_001311155	Lacticaseibacillus manihotivorans	Cassava fermentation process###Cassava fermenter###cassava sour starch fermentation	#Fermented	40.79	2.18	307	3200956	47.6	22973
GCA_023656965	Lacticaseibacillus paracasei subsp. paracasei	lactic acid beverage ""Yakult""	#Beverage	93.5	3.84	65	3033504	46.27	134811
GCA_003946305	Lacticaseibacillus porcinae	From nem chua samples(fermented pork)###Traditional Vietnamese nem chua###Food,Nem chua (fermented pork)###nem chua samples (fermented pork)	#Meat	99.35	0.84	36	2838071	47.21	179587
GCA_003946025	Lacticaseibacillus songhuajiangensis	Sourdough###traditional sourdough###From traditional sourdough	#Food	99.02	1.72	91	2605895	52.72	42582
GCA_001312865	Lacticaseibacillus thailandensis	Plant, Fermented tea leaves###fermented tea leaves (miang)	#Leaf (Phyllosphere)	57.75	2.83	21	2062475	53.44	338391
GCA_001435215	Lactiplantibacillus argentoratensis	Plant, Root of fermented manioc###Vegetable matrices###Sour cassava (fufu)###fermented cassava roots (fufu)	#Root (Rhizome)	99.35	1.39	138	3164489	45.04	88621
GCA_001039045	Lactiplantibacillus herbarum	traditional Chinese fermented radish	#Fermented	96.16	2.37	55	2899876	43.5	118101
GCA_005405385	Lactiplantibacillus mudanjiangensis	Korean pickle, Japanese pickle, Chinese pickle###Pickle###traditional pickle###From traditional pickle	#Fermented	99.02	1.17	13	3289607	43.07	583835
GCA_001888655	Lactiplantibacillus plantarum subsp. plantarum	Food, Sauerkraut###pickled cabbage	NA	99.02	1.39	30	3197633	44.54	368952
GCA_001436855	Lactiplantibacillus plantarum	Fermenting jojoba meal###Jojoba meal###jojoba meal fermentation	#Shrub (Scrub)	99.02	1.39	44	3426287	44.26	263553
GCA_001438845	Lactiplantibacillus xiangfangensis	Chinese pickle###pickle	#Food	99.02	1.72	77	2981246	45.12	113879
GCA_001311725	Lactobacillus acetotolerans	Food, Turbid broth of rice vinegar###Turbid broth of rice vinegar###fermented vinegar broth	NA	28.73	0.09	104	1577546	36.16	28429
GCA_001971585	Companilactobacillus allii	From scallion kimchi###Scallion kimchi in Gwangju###scallion kimchi	#Fermented	99.13	0	2	2534178	35.37	2506167
GCA_000178475	Lactobacillus amylolyticus	Brewery###acidified beer wort	NA	97.1	0.81	73	1540806	38.27	49688
GCA_003124125	Levilactobacillus bambusae	traditional fermented ma bamboo shoot products	#Food	98.6	0.75	40	1966274	46.31	512363
GCA_001434585	Companilactobacillus crustorum	Food, Wheat sourdough###Wheat sourdough###Sourdough	#Fermented	98.8	1.74	89	2215815	34.99	50865
GCA_001953135	Lactobacillus delbrueckii subsp. bulgaricus	yoghourt	#Dairy product	96.87	0	1	1868180	49.78	1868180
GCA_000056065	Lactobacillus delbrueckii subsp. bulgaricus	Food, Bulgarian yogurt###Bulgarian yogurt###bulgarian yoghourt	#Dairy product	97.51	0	1	1864998	49.72	1864998
GCA_000615095	Lactobacillus delbrueckii	sour grain mash	#Food	71.38	0.55	150	1725089	50.16	23089
GCA_001189855	Lactobacillus delbrueckii subsp. indicus	Indian dairy products###Dairy fermented product###traditional dairy fermented product (Dahi type)	#Dairy product	96.68	0.89	84	1877139	49.54	51208
GCA_000192165	Lactobacillus delbrueckii subsp. lactis	Food, Cheese, Emmental Swiss###Emmental (Swiss) cheese###Cheese,Swiss Emmenthal###emmental cheese	#Dairy product	96.24	0	26	2071079	49.8	2038844
GCA_001190005	Lactobacillus delbrueckii subsp. sunkii	From sunki, Japanese traditional fermented vegetable(pickle)###Sunki, traditional Japanese pickles###sunki, Japanese traditional fermented vegetable	#Fermented	97.44	1	32	1945263	50.1	121749
GCA_001435505	Companilactobacillus futsaii	Fu-tsai, a traditional fermented mustard product###Fermented mustard	NA	98.47	2.07	131	2511207	35.59	43610
GCA_000160855	Lactobacillus helveticus	Food, Cheese, Emmental Swiss###Emmental (Swiss) cheese###emmental cheese	#Dairy product	97.53	0.03	49	2020582	36.78	288743
GCA_000615685	Lactobacillus kefiranofaciens	Food, Kefir grains###kefir grains	NA	83.94	0.34	123	2254088	37.21	55089
GCA_001311335	Lactobacillus kefiranofaciens subsp. kefirgranum	Plant, Kefir grains###Kefir grains###Kefir grains from E.C.Hansen's lab.,Copenhagen,DK###kefir grain	NA	53.76	0	104	2065566	37.42	52180
GCA_001313205	Secundilactobacillus kimchicus	From kimchi###Kimchi###food product	#Food	36.96	0.73	30	2595250	46.5	222296
GCA_000014525	Lacticaseibacillus paracasei	Food, Emmental cheese###Emmental cheese	#Dairy product	90.87	4.82	2	2924325	46.58	2895264
GCA_000534815	Lactococcus cremoris	Raw milk###Cheese starter culture	#Starter culture	96.39	0.63	213	2269509	35.59	17351
GCA_018403745	Lactococcus formosensis	<I>Yan-tsai-shin</I> (fermented broccoli stems)###fermented broccoli stems	#Fermented	99.58	2.18	17	2115559	37.92	337726
GCA_000820425	Lactococcus garvieae	fermented milk (raib), Algerian cow	#Dairy product	96.4	5.62	13	2253704	37.69	1512971
GCA_001435715	Latilactobacillus sakei subsp. carnosus	From fermented meat product(raw sausage)###Fermented meat product###Raw sausage###fermented meat produkt	#Meat	98.69	0	55	1982536	41.03	108226
GCA_000615365	Latilactobacillus sakei	Food, Starter of sake###Moto (starter of sake)###Sake starter,'Moto'###""Moto"" starter of sake	#Beverage	86.54	0	37	1908197	41.06	143342
GCA_002271215	Lelliottia jeotgali	Jogae-jeotgal, a traditional Korean fermented clam in Inchon###traditional Korean fermented clams (jogae-jeotgal)	#Fermented	100	0	1	4603334	54.24	4603334
GCA_001311805	Lentibacillus juripiscarius	Food, Fish, sauce###Fish sauce (nam-pla) produced in Thailand###fish sauce	NA	43.11	2.19	139	3208301	44.07	49927
GCA_014646635	Lentibacillus kapialis	Shrimp paste, fermented###Fermented shrimp paste ('ka-pi') produced in Thailand###fermented shrimp paste###fermented shrimp paste from a market	#Fermented	98.2	1.4	148	3640324	42.03	47925
GCA_000583655	Lentilactobacillus farraginis	Environment, Compost of distilled shochu residue###Compost of distilled shochu residue###composting material of distilled shochu residue	#Beverage	77.64	0.33	129	2844682	42.06	51335
GCA_000159315	Lentilactobacillus hilgardii	Plant, Wine###wine	#Fruit (Seed)	98.69	0.44	34	2701909	39.59	661593
GCA_001311745	Lentilactobacillus kefiri	Food, Kefir grains###kefir grains	NA	43.35	0.22	141	2501983	41.62	45651
GCA_001311425	Lentilactobacillus kisonensis	Sunki, non-salted pickle solution###Sunki, traditional Japanese pickles###non-salted pickle solution used in production of sunki (Japanese traditional fermented leaves and stems of red turnips)	#Fermented	52.07	0.33	108	3009421	41.7	65390
GCA_000415925	Lentilactobacillus otakiensis	Sunki, non-salted pickle solution###Sunki, traditional Japanese pickles###non-salted pickle solution used in production of sunki (Japanese traditional fermented leaves and stems of red turnips)	#Fermented	98.56	0	23	2343063	42.39	244550
GCA_001437335	Lentilactobacillus parabuchneri	Environment, Blair athol distillery###Late fermentation sample from a malt whiskey distillery###blair athol distillery	#Beverage	98.96	0.22	101	2572946	43.5	114011
GCA_001311355	Lentilactobacillus parafarraginis	Environment, Compost of distilled shochu residue###Compost of distilled shochu residue###composting material of distilled shochun residue	#Beverage	73.59	0.54	236	3101821	45.17	37691
GCA_001311445	Lentilactobacillus rapi	Sunki, non-salted pickle solution###Sunki, traditional Japanese pickles###non-salted pickle solution used in production of sunki (Japanese traditional fermented leaves and stems of red turnips)	#Fermented	47.61	0.18	105	2844001	42.91	52472
GCA_001435575	Lentilactobacillus sunkii	Sunki, non-salted pickle solution###Sunki, traditional Japanese pickles###non-salted pickle solution used in production of sunki (Japanese traditional fermented leaves and stems of red turnips)	#Fermented	99.02	0.65	66	2689795	42.06	89629
GCA_000350525	Leucobacter salsicius	Jeotgal (a Korean salt-fermented food containing tiny shrimps)###jeotgal, a Korean salt-fermented food	#Fermented	98.45	1.69	28	3185418	64.5	197637
GCA_012396485	Leuconostoc holzapfelii	Ethiopian coffee fermentation###coffee fermentation	#Shrub (Scrub)	99.13	0.83	18	1758434	43.99	218908
GCA_000160595	Leuconostoc mesenteroides subsp. cremoris	Food, Dried cheese starter powder###Hansen's dried starter powder	#Starter culture	92.96	0.19	29	1735074	37.9	513909
GCA_001886915	Leuconostoc mesenteroides subsp. jonggajibkimchii	Kimchi###a commercial kimchi	#Fermented	92.92	0.61	4	1983917	37.68	1893478
GCA_000014445	Leuconostoc mesenteroides	Food, Fermenting olives###Olives###fermenting olives	#Fermented	98.54	0.19	2	2075763	37.67	2038396
GCA_019656055	Leuconostoc miyukkimchii	Brown algae kimchi (miyukkimchi)###fermented brown algae (<i>Undaria pinnatifida</i>) L. kimchi	#Brown Algae	99.22	0.94	12	1913501	36.35	243452
GCA_019656075	Leuconostoc palmae	Food, Palm, wine###palm wine	#Plant sap (Flux)	96.58	0.08	28	1385869	35.41	123726
GCA_014634805	Leuconostoc falkenbergense	Lactic culture,(Flora Danica)	#Starter culture	99.22	0.09	94	1963835	39.06	39495
GCA_001434835	Levilactobacillus acidifarinae	Food, Wheat sourdough###Wheat sourdough###artisanal wheat sourdough	#Food	99.18	0.65	18	2914969	51.61	444236
GCA_002933755	Levilactobacillus brevis	Green, fermenting Sevillano variety olives###green fermenting Sevillano variety olives	#Fermented	99.43	0.49	47	2494980	45.93	224770
GCA_001434395	Levilactobacillus hammesii	Food, Wheat sourdough###French sourdough###wheat sourdough	#Food	99.02	0.11	52	2810184	49.4	225723
GCA_001435525	Levilactobacillus koreensis	From cabbage kimchi(traditional Korean fermented food)###Kimchi###cabbage kimchi	#Fermented	99.35	0.74	98	2950098	49.16	67052
GCA_001434785	Levilactobacillus namurensis	Food, Sourdough based on wheat, rye and spelt flour###Belgian sourdough###Sourdough based on wheat,rye and spelt flour###sourdough, manufactured with wheat, rye and spelt flour	#Herbaceous plants (Grass,Crops)	100	0	57	2473044	52.01	73803
GCA_001436675	Levilactobacillus senmaizukei	Japanese pickle###pickles	NA	98.37	0	64	2221581	48.64	102332
GCA_001435095	Levilactobacillus spicheri	Food, Rice sourdough###rice sourdough	#Herbaceous plants (Grass,Crops)	99.35	0	30	2746730	55.93	192187
GCA_003946265	Levilactobacillus yonginensis	Kimchi###Korean fermented food, Kimchi	#Fermented	99.35	0.65	63	2693691	47.85	94890
GCA_001434115	Levilactobacillus zymae	Food, Wheat sourdough###Wheat sourdough###artisanal wheat sourdough	#Food	99.35	0.65	53	2702905	53.58	96277
GCA_000260635	Ligilactobacillus acidipiscis	Food, Cheese###Halloumi cheese###Cheese,Halloumi###cheese, Halloumi	#Dairy product	89.59	2.45	392	2263660	39.1	9474
GCA_001435755	Ligilactobacillus acidipiscis	Fermented fish (pla-ra)###fermented fish	#Fermented	97.98	0.87	364	2297737	39.06	10756
GCA_000349725	Ligilactobacillus pobuzihii	Food, Fermented cummingcordia, food###From pobuzih, fermented cummingcordia###fermented cummingcordia (pobuzihi)	#Fermented	97.71	1.09	46	2348709	37.71	125194
GCA_000159215	Limosilactobacillus fermentum	Food, Fermented beets###Fermented beets (Beta vulgaris)###fermented beets	NA	96.67	0.92	35	1855847	52.82	219560
GCA_001436045	Limosilactobacillus frumenti	rye-bran sourdough	#Herbaceous plants (Grass,Crops)	99.35	0	22	1732492	42.55	204018
GCA_001027985	Limosilactobacillus panis	Rye sourdough###sourdough	#Fermented	99.13	1.17	207	2078642	47.87	23957
GCA_001435345	Limosilactobacillus pontis	Sourdough###Sour dough###rye sourdough	#Herbaceous plants (Grass,Crops)	98.63	0	49	1662095	53.49	80708
GCA_001437055	Limosilactobacillus secaliphilus	Type II sourdough fermentation###Rye sourdough###sour dough	#Fermented	97.71	0.65	9	1645623	47.72	286054
GCA_001436735	Liquorilactobacillus cacaonum	cocoa bean heap fermentation	#Fruit (Seed)	98.69	0	12	1917585	33.86	269985
GCA_001434915	Liquorilactobacillus capillatus	Tofu brine, fermented###Stinky tofu brine###isolated from fermented brine used for stinky tofu production	#Fermented	99.02	1.2	47	2228516	37.63	110492
GCA_001435235	Liquorilactobacillus ghanensis	Ghanaian cocoa fermentations###cocoa fermentation	#Fruit (Seed)	99.02	3.05	24	2602462	37.08	241714
GCA_001434845	Liquorilactobacillus hordei	malted barley	#Fermented	98.37	0.08	110	2289670	34.76	45651
GCA_000260415	Liquorilactobacillus mali	Food, Apple juice from cider press###apple juice from cider press	#Beverage	96.95	1.28	92	2645247	36.04	70537
GCA_001434225	Liquorilactobacillus nagelii	Food, Partially fermented wine###Wines undergoing sluggish/stuck alcoholic fermentation###Commercial red wine###partially fermented wine	#Beverage	99.35	2.07	34	2495429	36.68	248325
GCA_001436275	Liquorilactobacillus oeni	Food, Bobal grape wines###Bobal wine	#Beverage	99.35	0.65	31	2114211	37.33	412601
GCA_001312045	Liquorilactobacillus satsumensis	Food, Fermented rice###Mashes of shouchu (traditional Japanese distilled spirits)###shochu mash	#Beverage	58.43	2.61	122	2635695	40.15	44489
GCA_001434935	Liquorilactobacillus uvarum	Spanish Boba grape must###Spanish bobal grape must###must of Bobal grape variety	#Fruit (Seed)	99.35	1.63	111	2670775	36.86	96515
GCA_003970575	Mammaliicoccus fleurettii	Food, Goat, raw milk cheese###Cheese made from raw goat's milk###goat milk cheese	#Milk	97.57	1.69	188	2590200	31.47	26560
GCA_007671655	Marinobacter piscensis	salted Anchovy food###Salty food	#Food	94.97	1.28	10	3336972	55.05	1134880
GCA_000686905	Marinospirillum insulare	fermented fish brine (kusaya gravy)	#Fermented	99.18	0.9	70	2920434	43.07	86031
GCA_002874535	Mesobacillus jeotgali	Food, Korean traditonal fermented food###jeotgal, Korean traditional fermented seafood	#Fermented	99.35	0.65	1	4703554	42.17	4703554
GCA_022179345	Methylobacterium jeotgali	From fermented food (Shrimp Jeotgal)###food product	#Food	98	1.1	112	4459488	71.04	64725
GCA_000422745	Microbacterium gubbeenense	Food, Cheese###surface of a smear-ripened cheese	#Dairy product	98.33	1.92	74	3017924	68.14	194753
GCA_008017445	Microbacterium mitrae	salted turban shell (traditional fermented seafood)	#Fermented	96.01	2.31	10	2821547	63.66	1483109
GCA_003667525	Mycetocola reblochoni	Surface of Reblochon cheese at the late stage of ripening###surface of Reblochon cheese (late stage of ripening)	#Dairy product	98.74	1.23	29	3046112	70.46	300101
GCA_014138825	Nesterenkonia jeotgali	Food, Jeotgal, traditional Korean fermented seafood###From Jeotgal###Jeotgal, Korean traditional fermented seafood###jeotgal, Korean fermented seafood	#Fermented	89.81	11.05	1	3002985	67.44	3002985
GCA_014647195	Oceanobacillus indicireducens	Fermented Polygonum indigo (<I>Polygonum tinctorium</I> Lour.) liquor sample aged for 4 days prepared in a laboratory###fermented Polygonum indigo ( <i>Polygonum tinctorium</i> Lour.) liquor sample aged for 4 days prepared in a laboratory	#Beverage	68.26	12.69	89	3871950	39.76	129476
GCA_000340475	Oceanobacillus kimchii	mustard Kimchi, a traditional Korean fermented food	#Fermented	97.79	1.07	1	3830781	35.18	3830781
GCA_000309445	Oenococcus oeni	Food, Wine###wine	#Fruit (Seed)	97.35	0.89	39	1728186	37.81	135603
GCA_003008535	Ottowia oryzae	Sikhye from Andongsi	#Beverage	99.79	1.49	1	3901011	66.8	3901011
GCA_003614185	Paenibacillus aceti	Traditional acetic acid fermentation culture of Chinese cereal vinegars###from traditional acetic acid fermentation culture of cereal vinegars	#Beverage	98.69	1.22	11	5611962	47.92	5572757
GCA_001436805	Paralactobacillus selangorensis	Chili bo, a Malaysian food ingredient###Chili bo###""chili bo""	#Food	98.23	1.3	28	2163674	46.32	529598
GCA_004341685	Pectinatus cerevisiiphilus	beer	#Fruit (Seed)	98.6	0	49	2637495	38.52	136283
GCA_001437605	Pediococcus argentinicus	Argentinean fermented wheat flour###Wheat flour,commercial###fermented wheat flour	NA	91.34	3.38	81	1760463	36.67	43657
GCA_015613245	Pediococcus pentosaceus	Food, Sake mash###sake mash	#Beverage	92.01	3.21	7	1721772	37.07	408195
GCA_015613265	Pediococcus pentosaceus	Cheese,New Zealand Cheddar###cheddar cheese	#Dairy product	91.22	5.19	16	1897225	37.1	311962
GCA_016908275	Periweissella beninensis	Cassava fermentations in Ketou###fermented cassava	#Shrub (Scrub)	95.67	0.98	62	1838519	35.44	79599
GCA_023657365	Periweissella ghanensis	fermented cocoa beans	#Fruit (Seed)	96.06	0.76	106	2013964	39.53	53895
GCA_900113675	Pisciglobus halotolerans	From fish sauce###fermented fish sauce	#Fermented	98.57	1.14	88	2437433	38.66	55710
GCA_014202615	Planococcus koreensis	Food, Jeotgal, korean traditional fermented seafood###From Jeotgal, Korean traditional fermented seafood###Jeotgal, Korean traditional fermented seafood###jeotgal (korean traditional fermented seafood)	#Fermented	87.92	7.91	22	3469359	47.58	388042
GCA_000940845	Propionibacterium freudenreichii	Food, Swiss cheese###Cheese,Swiss###swiss cheese	#Dairy product	97.97	0.65	1	2649166	67.34	2649166
GCA_000381065	Propionispira raffinosivorans	pitching yeast	NA	100	4.69	60	4134382	38.12	119111
GCA_003144495	Proteus terrae subsp. cibarius	Korean fermented seafood, Jeotgal###Jeotgal (Korean traditional fermented seafood)	#Fermented	84.82	6.52	45	3922849	37.81	159372
GCA_016107535	Psychrobacter cibarius	Food, Jeotgal, a traditional Korean fermented seafood###From Jeotgal, a traditional Korean fermented seafood###jeotgal, a traditional Korean fermented seafood	#Fermented	99	1.34	72	3240654	42.78	97459
GCA_900107595	Psychroflexus halocasei	Cheese rind###sticky surface of a semi-hard, Raclette-type cheese	#Dairy product	78.04	5.44	43	2671918	33.39	299256
GCA_003097615	Pueribacillus theae	ripened Pu'er tea sample obtained from a manufacturer	#Beverage	93.68	2.89	117	3748436	39.98	74128
GCA_014642655	Pullulanibacillus camelliae	Ripened Pu'er tea###ripened Pu’er tea sample obtained from a manufacturer	#Beverage	89.36	30.48	52	4254632	41.44	183979
GCA_014639255	Pullulanibacillus pueri	ripened Pu'er tea	#Beverage	89.38	35.5	83	4558844	40.32	103972
GCA_001591825	Rossellomorea vietnamensis	Food, Fish, sauce###vietnamese fish sauce	#Food	99.35	1.72	123	4410879	43.74	77623
GCA_004136575	Rothia koreensis	Food, Jeotgal, Korean traditional fermented seafood###From Jeotgal, fermented shellfisg###Jeotgal, Korean traditional fermented seafood###Korean traditional fermented seafood (jeotgal)	#Fermented	90.9	26.67	44	2911929	64.51	118248
GCA_000330705	Salinicoccus carnicancri	From Korean traditional fermented seafood###Crabs preserved in soy sauce, traditional Korean fermented seafood###traditional Korean fermented seafood (crabs)	#Fermented	97.94	0.27	12	2669034	47.93	637917
GCA_001996005	Salinivibrio siamensis	Fermented fish (<I>pla-ra</I>) in Thailand###fermented fish (pla-ra)	#Fermented	93.59	0.37	61	3442185	50.41	114651
GCA_000425885	Schleiferilactobacillus harbinensis	Food, Traditional fermented vegetables Suan cai###Traditional fermented vegetables 'Suan cai'###Fermented vegetables 'Suan cai'###chinese traditional fermented vegetable Suan cai	#Fermented	97.75	2.26	101	3134829	53.1	58438
GCA_000469325	Schleiferilactobacillus shenzhenensis	fermented beverage	#Beverage	98.19	1.82	62	3271684	56.44	139405
GCA_016908855	Scopulibacillus daqui	high temperature daqu (saccharifying and fermenting agent) of sesame-flavour liquor	#Beverage	83.08	20.5	57	3201791	40.16	113773
GCA_001312845	Secundilactobacillus collinoides	Food, Fermenting apple juice###fermenting apple juice	NA	51.97	1.42	114	3562239	46.13	66998
GCA_000260775	Secundilactobacillus malefermentans	Other, Beer###beer	#Fruit (Seed)	98.47	0.33	139	1994841	41.06	35519
GCA_001313185	Secundilactobacillus odoratitofui	Stinky tofu brine in Taipei###fermented brine used for stinky tofu production	#Food	46.87	0.65	23	2744707	44.17	271048
GCA_000740055	Secundilactobacillus oryzae	Fermented rice grain, Oryza sativa Lactobacillus japonica###From fermented rice grains###Fermented rice grain (<I>Oryza sativa</I> L. subsp. <I>japonica</I>)###fermented rice grains	#Fermented	98.69	0.08	79	1855567	42.82	47922
GCA_001311075	Secundilactobacillus similis	Fermented cane molasses###Fermented molasses###fermented cane molasses at alcohol plants	#Plant (Factory)	66.79	0.82	176	3453494	46.96	34565
GCA_002902605	Staphylococcus carnosus	Food, Fermenting fish and shrimp sauces###Pla-chom (fermented small fish)###fermented fish sauce (Pla-chom)	#Fermented	97.92	1.09	404	2608024	34.42	12287
GCA_001014685	Staphylococcus condimenti	Food, Soy sauce mash###Soy-sauce mash###soy sauce mash	#Food	99.43	0.42	42	2605351	34.56	203670
GCA_002901955	Staphylococcus equorum subsp. linens	Food, Rind of surface ripened cheese###rind of surface ripened cheese	#Dairy product	99.72	0.11	90	2764624	32.99	61301
GCA_003970555	Staphylococcus piscifermentans	Fermented shrimp###Shrimp,fermented (Kung-chom)###Kung-chom (fermented shrimp)	#Fermented	99.54	0.49	113	2627036	36.48	50484
GCA_900453015	Staphylococcus saprophyticus	Ropy milk	NA	91.54	1.17	2	2125505	36.67	2116047
GCA_900459545	Streptococcus gallolyticus subsp. macedonicus	Food, Cheese, Kasseri###Greek Kasseri cheese prepared from ewes' milk###Greek Kasseri cheese	#Dairy product	78.48	19.24	6	2312921	37.67	2139386
GCA_000772915	Streptococcus phocae subsp. salmonis	cultured Atlantic salmon (<i>Salmo salar</i>)	#Salmonidae	89	2.51	96	1655848	39.62	35632
GCA_024137205	Tetragenococcus halophilus subsp. halophilus	Soy sauce brewing mashes###soy sauce brewing mash	#Food	94.5	5.9	112	2259739	35.67	41908
GCA_000423785	Tetragenococcus muriaticus	Squid liver sauce, Japanese local traditional fermented seafood###japanese local traditional fermented seafood	#Fermented	97.46	1.13	109	2081554	35.94	30220
GCA_014207645	Thalassotalea piscium	Gill of a cultured flounder (<I>Paralichthys olivaceus</I>) in Shandong Province###gill of a cultured flounder (<i>Paralichthys olivaceus</i>)	#Vascular system	82.36	6.28	69	4064260	37.32	100095
GCA_000763315	Thermoactinomyces daqus	high-temperature daqu, a fermentation starter used in the production of a sesame-flavour liquor	#Beverage	83.02	9.72	86	3441572	48.83	116061
GCA_001870205	Vagococcus teuberi	spontaneously fermented sour-milk (fènè)	#Dairy product	96.89	0.94	2	2184285	34.1	2169060
GCA_000709085	Virgibacillus alimentarius	Jeotgal, traditional salt-fermented seafood made of gizzard shad	#Fermented	91.27	1.61	146	3045860	37.11	36623
GCA_005405525	Weissella cibaria	Food###From chili bo###Chilli Bo###chili bo	#Food	98.77	0	25	2323953	45.14	243943
GCA_016466705	Weissella confusa	Food, Sour carrot mash###soured carrot mash	#Herbaceous plants (Grass,Crops)	98.73	0.58	31	2206814	44.73	161796
GCA_000420365	Weissella halotolerans	Food, Sausage###Sausage meat###sausage	#Meat	98.01	0	6	1358385	43.06	412519
GCA_005405545	Weissella hellenica	Fermented sausage###Dry naturally fermented Greek sausage###sausage; naturally-fermented	#Meat	97.69	0.26	28	1814617	36.97	91647
GCA_000277645	Weissella koreensis	Food, Kimuchi, Fermented vegetable food###Traditional Korean fermented-vegetable food (Kimchi)###Traditional Korean fermented-vegetable food###kimchi, fermented vegetable food	#Fermented	98.05	15.14	17	1728940	35.5	236957
GCA_003363255	Weissella thailandensis	From fermented fish###fermented fish	#Fermented	97.4	1.58	40	1973650	38.68	112113
GCA_001437355	Weissella viridescens	Food, Cured meat product###cured meat products	#Meat	95.35	1.21	7	1536954	41.09	476919
GCA_000277755	Zymomonas mobilis subsp. pomaceae	Fermenting palm sap (<I>Elaeis</I> sp.)###fermenting palm sap	#Plant sap (Flux)	94.96	1.27	4	2008345	46.12	1961306
GCA_000245735	Alishewanella jeotgali	From Flatfish Sik Hae###Gajami sikhae (jeotgal), a traditional Korean fermented seafood###gajami sikhae (jeotgal), a traditional fermented Korean food	#Fermented	98.18	0.3	65	3831357	50.67	127457
GCA_009377195	Arthrobacter bussei	Sliced cheese	#Dairy product	99.21	0.07	15	3620993	69.17	550094
GCA_000225825	Brachybacterium squillarum	Salt-fermented food made of tiny shrimp###food product	#Food	91.57	11.64	8	3191479	72.77	809179
GCA_000183325	Corynebacterium bovis	Food, Milk###milk	#Dairy product	97.79	0.13	491	2517972	72.6	9708
GCA_000179395	Corynebacterium variabile	Food, Cheese###Surface of a smear-ripened cheese###Cheese,Irish smear-ripened cheese (Gubbeen)###cheese	#Dairy product	99.21	3.04	1	3433007	67.15	3433007
GCA_000226215	Dietzia alimentaria	traditional salt-fermented seafood made of clam jeotgal	#Fermented	99.16	0	39	3352817	67.34	216003
GCA_000498955	Lactiplantibacillus fabifermentans	cocoa bean heap fermentation	#Fruit (Seed)	99.02	1.09	170	3275891	45.04	33724
GCA_000785105	Lentilactobacillus curieae	Stinky tofu brine###food product	#Food	99.35	0	1	2095860	39.78	2095860
GCA_000224785	Lentibacillus jeotgali	From Garibi-jeotgal, traditional Korean fermented seafood made from scallops###Jeotgal, traditional Korean fermented seafood###traditional Korean fermented seafood made from scallops, ""Garibi-jeotgal""	#Fermented	98.53	1.61	31	3775822	42.5	312432
GCA_000166735	Leuconostoc inhae	Food, Kimchi, fermented vegetale food in Korea###From Kimchi(fermented vegetable food in Korea)###Kimchi###kimchi (fermented vegetable food in Korea)	#Fermented	69.57	1.1	463	2167341	36.42	11864
GCA_000255495	Liquorilactobacillus vini	Grape must ferment at high temperature###Fermenting grape musts###grape must, fermenting at high temperature	#Beverage	95.45	0.31	177	2182354	37.63	24554
GCA_000709935	Metabacillus indicus	Food, Jeotgal, a traditional Korean fermented seafood###From Jeotgal, a traditional Korean fermented seafood###jeotgal, a traditional Korean fermented seafood	#Fermented	99.03	0	22	4071380	44.36	369209
GCA_004102045	Oenococcus sicerae	Fermented apple juices (ciders)###Apple juice in fermentation (cider)	#Fruit (Seed)	89.66	2.52	1	1664394	40.32	1664394
GCA_000299295	Salimicrobium jeotgali	Jeotgal, Korean salted and fermented seafood (anchovy jeotgal)###fermented anchovy (myeolchi-jeot)	#Fermented	95.78	0	44	2712396	46.27	179350
GCA_002218025	Vibrio casei	Food, Surfaces of two French red smear soft cheeses###surface of a French smear ripened cheese (TF11)	#Dairy product	93.65	1.74	5	4140771	40.72	2756634
